Time,kappa,pos,vel,acc,p1,p2,f
0,0.45434559,0.5,0,-1.86E-15,3170846.154,4529153.846,8829
0.01,0.454288645,0.5,3.52E-15,-2.11E-13,3170846.154,4529153.846,8829
0.02,0.454119607,0.500000097,1.94E-05,0.003870177,3170075.72,4529924.468,8837.081772
0.03,0.453843822,0.500000736,0.000108473,0.013954235,3167771.251,4532229.139,8858.128988
0.04,0.453470059,0.500002848,0.000313937,0.027138681,3164076.734,4535923.812,8885.612324
0.05,0.453010301,0.500007701,0.000656667,0.041407371,3159157.955,4540842.748,8915.284622
0.06,0.452479464,0.500016689,0.001141019,0.055463431,3153192.846,4546807.964,8944.396692
0.07,0.451895035,0.500031195,0.001760024,0.068337883,3146393.875,4553607.025,8970.883851
0.08,0.451276656,0.500052487,0.002498464,0.079350807,3138990.219,4561010.713,8993.288096
0.09,0.450645652,0.500081654,0.003334895,0.087936276,3131240.252,4568760.679,9010.395209
0.1,0.450024506,0.500119543,0.004243044,0.093694337,3123412.181,4576588.692,9021.345682
0.11,0.449436313,0.500166723,0.005192961,0.096289797,3115791.337,4584209.444,9025.425245
0.12,0.448904201,0.500223448,0.006152008,0.095520344,3108661.485,4591339.161,9022.208509
0.13,0.448450752,0.500289637,0.007085826,0.091243687,3102309.079,4597691.415,9011.407632
0.14,0.448097419,0.500364862,0.007959244,0.083440248,3097006.128,4602994.201,8993.003353
0.15,0.447863965,0.500448344,0.008737214,0.072153333,3093012.729,4606987.451,8967.119602
0.16,0.447767923,0.500538958,0.00938569,0.057541135,3090561.953,4609438.108,8934.130842
0.17,0.447824106,0.500635249,0.009872523,0.039824316,3089861.581,4610138.416,8894.551019
0.18,0.448044162,0.500735453,0.010168287,0.019327051,3091081.295,4608918.707,8849.116931
0.19,0.448436191,0.50083753,0.01024708,-0.00357029,3094354.322,4605645.769,8798.687129
0.2,0.449004437,0.500939201,0.010087239,-0.028399927,3099767.103,4600233.169,8744.304319
0.21,0.449749054,0.501037998,0.009671999,-0.054650027,3107361.38,4592639.162,8687.102478
0.22,0.450665963,0.501131308,0.008990048,-0.081741954,3117126.473,4582874.422,8628.351885
0.23,0.451746793,0.501216439,0.008035992,-0.109070439,3129002.256,4570999.051,8569.373538
0.24,0.452978919,0.501290672,0.006810702,-0.13598803,3142874.146,4557127.613,8511.570048
0.25,0.45434559,0.501351334,0.005321547,-0.161842638,3158577.361,4541424.85,8456.346668
0.26,0.455826149,0.501395854,0.003582486,-0.18596803,3175894.71,4524107.921,8405.130795
0.27,0.457396351,0.501421837,0.001614039,-0.207718983,3194562.442,4505440.535,8359.299203
0.28,0.459028751,0.501427123,-0.000556906,-0.226466489,3214270.857,4485732.358,8320.18881
0.29,0.460693187,0.501409851,-0.002897412,-0.241630247,3234671.903,4465331.409,8289.030346
0.3,0.462357319,0.501368519,-0.005368973,-0.252676886,3255382.47,4444620.78,8266.953401
0.31,0.463987239,0.501302033,-0.007928129,-0.259148901,3275993.635,4424009.387,8254.927647
0.32,0.465548127,0.501209755,-0.010527219,-0.260663841,3296076.253,4403926.383,8253.76565
0.33,0.46700494,0.501091542,-0.013115256,-0.256938415,3315191.462,4384810.656,8264.073446
0.34,0.468323132,0.50094777,-0.015638901,-0.247786523,3332897.924,4367103.591,8286.254666
0.35,0.469469381,0.500779356,-0.018043534,-0.233137305,3348762.937,4351237.949,8320.472292
0.36,0.470412313,0.500587765,-0.020274378,-0.213030345,3362370.473,4337629.831,8366.657037
0.37,0.471123204,0.500375003,-0.022277661,-0.187626967,3373332.109,4326667.745,8424.481407
0.38,0.471576653,0.500143604,-0.02400179,-0.157201749,3381294.95,4318704.668,8493.374129
0.39,0.471751207,0.499896601,-0.025398509,-0.122147163,3385951.565,4314048.113,8572.506649
0.4,0.471629923,0.499637487,-0.026424017,-0.082961392,3387046.951,4312953.153,8660.814324
0.41,0.471200861,0.499370166,-0.027040017,-0.040247066,3384386.74,4315614.209,8756.994793
0.42,0.47045749,0.499098893,-0.027214683,0.005304107,3377842.471,4322159.766,8859.536155
0.43,0.469398999,0.498828202,-0.026923524,0.052917517,3367357.457,4332646.514,8966.726682
0.44,0.468030512,0.498562834,-0.026150118,0.101753607,3352949.724,4347056.387,9076.690364
0.45,0.466363183,0.498307651,-0.024886715,0.150918104,3334715.006,4365293.589,9187.407847
0.46,0.464414192,0.498067546,-0.023134677,0.199482116,3312826.823,4387184.496,9296.759938
0.47,0.462206611,0.497847351,-0.020904764,0.246495735,3287536.16,4412478,9402.559604
0.48,0.459769165,0.497651743,-0.018217229,0.291009812,3259168.287,4440848.684,9502.603307
0.49,0.457135875,0.49748515,-0.015101729,0.332092062,3228118.89,4471900.703,9594.712512
0.5,0.45434559,0.497351658,-0.011597048,0.368849571,3194847.54,4505174.33,9676.790454
0.51,0.451441415,0.497254922,-0.007750617,0.400445859,3159870.422,4540153.233,9746.868756
0.52,0.44847005,0.49719808,-0.003617838,0.426122311,3123750.831,4576273.993,9803.1639
0.53,0.445481034,0.497183685,0.000738768,0.445213787,3087089.191,4612936.096,9844.121334
0.54,0.442525926,0.497213632,0.005250586,0.457166432,3050511.519,4649513.475,9868.463204
0.55,0.43965742,0.497289104,0.009844077,0.461549037,3014657.943,4685366,9875.220729
0.56,0.436928416,0.497410532,0.014442063,0.458064702,2980170.485,4719851.693,9863.764646
0.57,0.43439107,0.497577565,0.01896509,0.446555762,2947681.541,4752338.254,9833.818375
0.58,0.432095823,0.497789051,0.023332849,0.427007937,2917802.39,4782214.54,9785.466151
0.59,0.430090443,0.498043039,0.02746559,0.399548261,2891112.896,4808900.855,9719.144616
0.6,0.42841909,0.49833679,0.031285526,0.364442291,2868151.764,4831858.693,9635.629713
0.61,0.427121419,0.498666804,0.034718179,0.322086522,2849408.162,4850599.092,9536.010799
0.62,0.426231749,0.49902886,0.037693652,0.273001049,2835314.045,4864690.311,9421.663275
0.63,0.4257783,0.499418063,0.040147814,0.217819338,2826237.694,4873764.27,9294.213957
0.64,0.425782525,0.499828916,0.042023391,0.157279473,2822477.782,4877522.473,9155.509172
0.65,0.426258548,0.500255386,0.04327096,0.092214105,2824258.333,4875741.042,9007.580624
0.66,0.427212714,0.500690989,0.043849856,0.023542512,2831723.938,4868275.492,8852.616834
0.67,0.428643273,0.501128884,0.043728996,-0.047738076,2844935.589,4855064.883,8692.934883
0.68,0.430540198,0.501561968,0.042887623,-0.120559595,2863866.691,4836135.807,8530.957652
0.69,0.432885143,0.501982989,0.041315971,-0.193791752,2888399.724,4811605.721,8369.190591
0.7,0.435651555,0.502384652,0.039015846,-0.266250768,2918323.373,4781685.814,8210.201009
0.71,0.438804921,0.502759741,0.036001099,-0.336711276,2953330.734,4746682.807,8056.593706
0.72,0.442303174,0.503101241,0.032297973,-0.403920439,2993018.661,4706999.608,7910.984877
0.73,0.446097235,0.503402462,0.027945285,-0.466616731,3036888.913,4663134.177,7775.969024
0.74,0.450131689,0.503657165,0.022994403,-0.523552154,3084351.251,4615676.449,7654.081179
0.75,0.45434559,0.503859686,0.017508972,-0.573519191,3134729.025,4565302.76,7547.751257
0.76,0.458673379,0.504005056,0.011564367,-0.615380421,3187267.268,4512767.78,7459.254264
0.77,0.463045908,0.504089113,0.005246825,-0.64810074,3241143.535,4458893.698,7390.655716
0.78,0.467391539,0.504108609,-0.001347733,-0.670779266,3295481.187,4404556.959,7343.757436
0.79,0.47163732,0.504061293,-0.008115199,-0.682679924,3349364.958,4350672.719,7320.044866
0.8,0.475710201,0.503945989,-0.014945059,-0.683257648,3401858.181,4298177.637,7320.641313
0.81,0.479538287,0.503762647,-0.021722407,-0.672179206,3452021.19,4248011.478,7346.270306
0.82,0.483052092,0.503512378,-0.028330128,-0.649336453,3498930.109,4201098.319,7397.229965
0.83,0.486185773,0.503197464,-0.034651182,-0.61485206,3541695.49,4158327.909,7473.37887
0.84,0.488878341,0.502821345,-0.040570899,-0.569077054,3579480.086,4120537.874,7574.134642
0.85,0.491074798,0.502388586,-0.045979216,-0.512581623,3611515.414,4088497.13,7698.482462
0.86,0.492727207,0.501904817,-0.050772795,-0.446139939,3637116.698,4062890.911,7844.992369
0.87,0.493795656,0.501376659,-0.054856969,-0.370711307,3655696.132,4044307.476,8011.841349
0.88,0.494249105,0.50081163,-0.058147486,-0.287418932,3666774.372,4033226.582,8196.838387
0.89,0.494066101,0.500218026,-0.060572042,-0.197528394,3669990.393,4030009.601,8397.449288
0.9,0.49323534,0.499604804,-0.0620716,-0.102426571,3665109.757,4034891.219,8610.820875
0.91,0.49175607,0.498981436,-0.062601501,-0.003601987,3652031.413,4047972.624,8833.803897
0.92,0.489638323,0.498357768,-0.062132389,0.097373866,3630792.936,4069216.236,9062.976888
0.93,0.486902964,0.497743854,-0.06065095,0.19886458,3601574.123,4098442.118,9294.673197
0.94,0.48358156,0.497149803,-0.058160465,0.299187708,3564698.577,4135326.379,9525.015548
0.95,0.479716065,0.496585602,-0.054681165,0.396635531,3520632.921,4179401.98,9749.961699
0.96,0.475358325,0.496060954,-0.050250361,0.489499256,3469983.098,4230062.445,9965.365386
0.97,0.470569399,0.495585101,-0.044922315,0.576097305,3413487.347,4286568.93,10167.05453
0.98,0.465418723,0.495166661,-0.038767799,0.654808174,3352005.416,4348061.034,10350.92753
0.99,0.459983105,0.494813466,-0.031873311,0.724107099,3286503.94,4413571.483,10513.0651
1,0.45434559,0.494532409,-0.024339913,0.782605246,3218038.049,4482044.561,10649.85299
1.01,0.448651129,0.494329308,-0.016281672,0.829088999,3147729.757,4552357.777,10758.10764
1.02,0.443046474,0.494208691,-0.007842586,0.858785173,3077508.724,4622579.271,10827.1268
1.03,0.437620013,0.494173452,0.000794565,0.868707661,3009299.367,4690786.198,10850.17765
1.04,0.432457324,0.494224649,0.009445017,0.861445702,2944106.472,4755974.473,10832.67325
1.05,0.427639826,0.494361598,0.01794582,0.8387734,2882884.295,4817189.625,10778.49639
1.06,0.423243494,0.494582068,0.026149535,0.802019104,2826527.698,4873537.662,10690.75897
1.07,0.41933766,0.494882413,0.033921552,0.752422016,2775835.536,4924219.862,10572.53378
1.08,0.415983923,0.495257707,0.041139334,0.691157988,2731515.687,4968529.236,10426.8752
1.09,0.413235172,0.495701854,0.047692476,0.619478644,2694163.934,5005870.298,10257.07887
1.1,0.411134756,0.49620772,0.053483127,0.538644497,2664275.195,5035748.908,10066.50039
1.11,0.409715802,0.496767257,0.058426432,0.449995019,2642231.07,5057783.778,9858.667057
1.12,0.409000685,0.497371635,0.062450931,0.354870592,2628312.504,5071694.546,9637.077906
1.13,0.409000685,0.498011376,0.065498831,0.254665068,2622691.017,5077309.921,9405.286213
1.14,0.409715802,0.498676497,0.067526224,0.150761745,2625439.449,5074557.413,9166.741156
1.15,0.411134756,0.499356642,0.068503232,0.044584155,2636523.612,5063471.3,8924.878728
1.16,0.413235172,0.50004123,0.068414176,-0.062451514,2655809.6,5044185.59,8683.011712
1.17,0.415983923,0.500719593,0.067257745,-0.168888033,2683054.843,5016942.766,8444.427513
1.18,0.41933766,0.501381123,0.06504721,-0.273266463,2717912.715,4982089.307,8212.307505
1.19,0.423243494,0.502015421,0.06181063,-0.374088261,2759924.288,4940083.859,7989.812791
1.2,0.427639826,0.502612439,0.057591039,-0.469857833,2808522.915,4891492.692,7780.006424
1.21,0.432457324,0.503162637,0.052446507,-0.559063709,2863029.593,4836994.345,7585.90706
1.22,0.437620013,0.503657131,0.046450034,-0.640232545,2922661.076,4777371.52,7410.394546
1.23,0.443046474,0.504087837,0.03968915,-0.71193234,2986531.947,4713509.071,7256.223065
1.24,0.448651129,0.504447619,0.032265175,-0.772837821,3053669.06,4646379.553,7125.907275
1.25,0.45434559,0.504730413,0.024292056,-0.821749467,3123021.906,4577032.954,7021.704481
1.26,0.46004005,0.504931353,0.015894776,-0.857660708,3193483.943,4506575.347,6945.496693
1.27,0.465644705,0.505046867,0.007207317,-0.879778635,3263910.181,4436151.407,6898.76607
1.28,0.471071166,0.505074756,-0.001629746,-0.88757809,3333143.144,4366918.419,6882.498174
1.29,0.476233855,0.505014245,-0.010471958,-0.880808478,3400034.122,4300025.099,6897.177569
1.3,0.481051353,0.504866011,-0.019173874,-0.859522407,3463469.61,4236585.114,6942.733034
1.31,0.485447685,0.504632175,-0.027592012,-0.82405962,3522391.661,4177656.748,7018.568503
1.32,0.489353519,0.504316267,-0.035587725,-0.77504728,3575820.654,4124220.095,7123.554512
1.33,0.492707257,0.503923168,-0.043029894,-0.713363017,3622871.171,4077161.144,7256.090666
1.34,0.495456008,0.50345902,-0.049797331,-0.640114568,3662768.655,4037255.089,7414.129449
1.35,0.497556423,0.502931117,-0.055780842,-0.556592668,3694859.477,4005156.204,7595.251706
1.36,0.498975378,0.502347777,-0.060884924,-0.464243322,3718621.361,3981387.388,7796.700157
1.37,0.499690494,0.501718197,-0.065029091,-0.364623117,3733668.361,3966335.123,8015.447258
1.38,0.499690494,0.501052298,-0.068148859,-0.259375454,3739756.503,3960243.837,8248.220562
1.39,0.498975378,0.500360566,-0.070196445,-0.150195913,3736785.243,3963214.367,8491.552675
1.4,0.497556423,0.499653875,-0.071141207,-0.038816695,3724799.829,3975201.63,8741.794983
1.41,0.495456008,0.498943319,-0.070969886,0.073018182,3703990.228,3996015.633,8995.155245
1.42,0.492707257,0.498240039,-0.069686672,0.183563512,3674690.56,4025322.087,9247.711427
1.43,0.489353519,0.497555046,-0.067313105,0.291094103,3637375.028,4062646.434,9495.454615
1.44,0.485447685,0.49689905,-0.063887814,0.393917595,3592653.338,4107378.492,9734.322211
1.45,0.481051353,0.496282292,-0.059466057,0.490399438,3541261.998,4158781.138,9960.265158
1.46,0.476233855,0.495714379,-0.054119045,0.578983468,3484053.978,4216000.733,10169.31449
1.47,0.471071166,0.495204131,-0.047932992,0.658223929,3421983.821,4278082.007,10357.68005
1.48,0.465644705,0.49475944,-0.041007872,0.726813505,3356090.659,4343985.146,10521.84731
1.49,0.46004005,0.494387133,-0.033455858,0.783618746,3287477.197,4412606.808,10658.69419
1.5,0.45434559,0.494092866,-0.025399439,0.827708421,3217287.365,4482802.565,10765.59418
1.51,0.448651129,0.49388103,-0.016969256,0.858383028,3146681.683,4553411.531,10840.51963
1.52,0.443046474,0.49375468,-0.008301688,0.875192818,3076813.178,4623280.51,10882.11484
1.53,0.437620013,0.493715491,0.000463705,0.877951305,3008803.482,4691287.868,10889.75046
1.54,0.432457324,0.493763742,0.009186812,0.866734608,2943721.678,4756364.708,10863.53616
1.55,0.427639826,0.493898319,0.01772956,0.841873943,2882565.523,4817513.601,10804.30617
1.56,0.423243494,0.494116751,0.025958356,0.803935119,2826246.866,4873823.157,10713.56438
1.57,0.41933766,0.494415264,0.033746309,0.753693179,2775580.457,4924479.161,10593.40807
1.58,0.415983923,0.49478886,0.040975153,0.692098942,2731277.013,4968771.476,10446.42568
1.59,0.413235172,0.495231408,0.047536837,0.620245726,2693939.234,5006097.986,10275.58934
1.6,0.411134756,0.495735754,0.053334776,0.53933443,2664060.88,5035965.492,10084.1418
1.61,0.409715802,0.496293841,0.058284781,0.450644117,2642027.342,5057989.113,9875.495869
1.62,0.409000685,0.496896834,0.062315708,0.355506146,2628117.493,5071890.413,9653.144802
1.63,0.409000685,0.497535254,0.065369901,0.255286802,2622505.41,5077495.674,9420.596011
1.64,0.409715802,0.498199116,0.067403475,0.151375301,2625261.861,5074734.392,9181.322446
1.65,0.411134756,0.498878064,0.068386534,0.045179619,2636354.622,5063638.955,8938.737231
1.66,0.413235172,0.499561514,0.068303348,-0.061874353,2655647.95,5044345.17,8696.181906
1.67,0.415983923,0.500238798,0.067152549,-0.168339921,2682900.891,5017093.941,8456.928668
1.68,0.41933766,0.500899303,0.064947351,-0.272748193,2717765.249,4982233.31,8224.185065
1.69,0.423243494,0.501532627,0.061715765,-0.373608689,2759783.467,4940220.567,8001.099388
1.7,0.427639826,0.50212872,0.05750078,-0.469416706,2808387.571,4891623.32,7790.756336
1.71,0.432457324,0.502678037,0.052360439,-0.558667399,2862899.737,4837118.938,7596.162408
1.72,0.437620013,0.503171689,0.046367714,-0.639879462,2922535.602,4777491.256,7420.214503
1.73,0.443046474,0.503601589,0.039610125,-0.711626549,2986410.765,4713624.115,7265.654861
1.74,0.448651129,0.503960594,0.032188985,-0.772576596,3053551.144,4646491.03,7135.011146
1.75,0.45434559,0.504242639,0.024218243,-0.821535006,3122907.105,4577141.108,7030.528972
1.76,0.46004005,0.504442851,0.015822889,-0.857489521,3193371.321,4506681.23,6954.100036
1.77,0.465644705,0.504557654,0.007136918,-0.879651573,3263799.557,4436255.307,6907.19528
1.78,0.471071166,0.504584844,-0.00169908,-0.887491321,3333033.677,4367021.298,6890.8074
1.79,0.476233855,0.504523643,-0.01054063,-0.880762025,3399925.619,4300127.262,6905.410525
1.8,0.481051353,0.504374724,-0.019242269,-0.8595125,3463361.32,4236687.426,6950.938749
1.81,0.485447685,0.504140203,-0.027660494,-0.824085917,3522283.388,4177759.51,7026.786663
1.82,0.489353519,0.503823608,-0.035656638,-0.775106401,3575711.727,4124324.075,7131.828958
1.83,0.492707257,0.503429817,-0.043099565,-0.713454599,3622761.386,4077266.635,7264.457207
1.84,0.495456008,0.502964967,-0.04986807,-0.640235802,3662657.406,4037362.77,7422.627374
1.85,0.497556423,0.50243635,-0.055852944,-0.556743337,3694746.547,4005266.357,7603.913631
1.86,0.498975378,0.50185228,-0.060958671,-0.464421168,3718506.191,3981500.616,7805.561741
1.87,0.499690494,0.501221953,-0.065104753,-0.364828005,3733550.72,3966451.699,8024.538643
1.88,0.499690494,0.500555287,-0.068226696,-0.259605438,3739635.869,3960364.295,8257.574431
1.89,0.498975378,0.499862764,-0.070276706,-0.150450659,3736661.376,3963338.96,8501.196902
1.9,0.497556423,0.499155256,-0.071224128,-0.039094143,3724672.253,3975330.82,8751.759145
1.91,0.495456008,0.498443857,-0.071055689,0.07271901,3703858.714,3996149.631,9005.464161
1.92,0.492707257,0.497739704,-0.069775559,0.183245317,3674554.7,4025461.257,9258.390282
1.93,0.489353519,0.497053805,-0.067405256,0.290758976,3637234.647,4062790.906,9506.523191
1.94,0.485447685,0.496396871,-0.063983379,0.393569345,3592508.136,4107528.494,9745.798827
1.95,0.481051353,0.495779139,-0.059565149,0.490041599,3541111.903,4158936.667,9972.16154
1.96,0.476233855,0.495210217,-0.054221734,0.578621169,3483898.846,4216161.836,10181.63885
1.97,0.471071166,0.494698924,-0.048039298,0.657862142,3421823.735,4278248.504,10370.43266
1.98,0.465644705,0.494253152,-0.041117759,0.726458484,3355925.673,4344156.867,10535.02312
1.99,0.46004005,0.493879729,-0.033569228,0.783276445,3287307.581,4412783.371,10672.2793
2,0.45434559,0.493584312,-0.025516133,0.827385559,3217113.386,4482983.578,10779.56835
2.01,0.448651129,0.493371294,-0.017089049,0.858085663,3146503.798,4553596.423,10854.85384
2.02,0.443046474,0.493243732,-0.008424295,0.874927142,3076631.841,4623468.707,10896.77398
2.03,0.437620013,0.493203305,0.000338626,0.877722399,3008619.294,4691478.661,10904.69192
2.04,0.432457324,0.493250295,0.009059652,0.866547097,2943535.216,4756557.415,10878.71282
2.05,0.427639826,0.493383592,0.017600748,0.841730988,2882377.456,4817707.463,10819.66589
2.06,0.423243494,0.49360073,0.025828348,0.803839035,2826057.809,4874017.475,10729.05303
2.07,0.41933766,0.49389794,0.033615578,0.753644699,2775391.062,4924673.215,10608.9696
2.08,0.415983923,0.494270227,0.040844173,0.692097861,2731087.848,4968964.638,10462.00488
2.09,0.413235172,0.494711467,0.047406075,0.620290418,2693750.862,5006289.645,10291.13208
2.1,0.411134756,0.495214509,0.053204677,0.539422507,2663873.763,5036155.147,10099.5973
2.11,0.409715802,0.4957713,0.05815576,0.450772126,2641841.915,5058176.301,9890.816703
2.12,0.409000685,0.49637301,0.062188146,0.355670193,2627934.088,5072074.781,9668.288585
2.13,0.409000685,0.497010164,0.065244134,0.255482336,2622324.327,5077676.909,9435.52508
2.14,0.409715802,0.497672779,0.067279796,0.151597648,2625083.309,5074912.281,9196.004972
2.15,0.411134756,0.498350502,0.068265185,0.045423769,2636178.783,5063813.319,8953.146653
2.16,0.413235172,0.499032751,0.068184521,-0.061613338,2655474.931,5044515.91,8710.297643
2.17,0.415983923,0.499708859,0.067036389,-0.168067149,2682730.782,5017260.988,8470.73548
2.18,0.41933766,0.500368217,0.064833949,-0.272468648,2717598.079,4982396.661,8237.673586
2.19,0.423243494,0.501000421,0.061605162,-0.3733275,2759619.25,4940380.249,8014.265584
2.2,0.427639826,0.501595422,0.057392969,-0.46913894,2808226.267,4891779.422,7803.60203
2.21,0.432457324,0.502143674,0.052255357,-0.558398313,2862741.285,4837271.584,7608.694927
2.22,0.437620013,0.502636288,0.04626525,-0.639624335,2922379.885,4777640.641,7432.447255
2.23,0.443046474,0.503065176,0.039510111,-0.71139088,2986257.628,4713770.481,7277.607157
2.24,0.448651129,0.503423192,0.032091197,-0.772365933,3053400.363,4646634.703,7146.708784
2.25,0.45434559,0.503704268,0.024122404,-0.821355074,3122758.401,4577282.476,7042.004117
2.26,0.46004005,0.503903529,0.015728664,-0.857346022,3193224.331,4506820.777,6965.391692
2.27,0.465644705,0.504017396,0.007043914,-0.87955024,3263653.844,4436393.595,6918.349087
2.28,0.471071166,0.504043659,-0.001791312,-0.887437694,3332888.71,4367158.986,6901.875858
2.29,0.476233855,0.503981537,-0.010632593,-0.880761452,3399780.785,4300265.09,6916.452581
2.3,0.481051353,0.503831697,-0.019334518,-0.859569909,3463215.911,4236826.227,6962.019687
2.31,0.485447685,0.503596249,-0.027753628,-0.824205784,3522136.615,4177900.189,7037.977411
2.32,0.489353519,0.503278714,-0.035751302,-0.775292536,3575562.717,4124467.614,7143.205624
2.33,0.492707257,0.502883964,-0.043196435,-0.713710106,3622609.2,4077414.068,7276.100103
2.34,0.495456008,0.502418131,-0.049967849,-0.640562885,3662501.043,4037515.184,7434.620211
2.35,0.497556423,0.501888497,-0.055956354,-0.557143255,3694584.965,4005424.861,7616.342277
2.36,0.498975378,0.501303371,-0.06106644,-0.464894064,3718338.316,3981666.34,7818.513109
2.37,0.499690494,0.500671941,-0.065217605,-0.365372849,3733375.475,3966625.759,8038.099191
2.38,0.499690494,0.500004117,-0.068345338,-0.26021987,3739452.186,3960547.784,8271.82875
2.39,0.498975378,0.499310375,-0.070401813,-0.151130925,3736468.227,3963532.914,8516.225944
2.4,0.497556423,0.498601581,-0.071356333,-0.039834949,3724468.671,3975536.197,8767.638513
2.41,0.495456008,0.497888822,-0.071195562,0.071924545,3703643.83,3996367.278,9022.262084
2.42,0.492707257,0.497183229,-0.069923595,0.182405765,3674327.764,4025691.883,9276.165652
2.43,0.489353519,0.496495808,-0.067561855,0.28988459,3636995.071,4063035.042,9525.323381
2.44,0.485447685,0.495837263,-0.06414883,0.392672056,3592255.519,4107786.47,9765.657661
2.45,0.481051353,0.495217832,-0.059739615,0.489134885,3540846.066,4159208.575,9993.09722
2.46,0.476233855,0.49464712,-0.054405236,0.577719882,3483619.855,4216447.507,10203.65221
2.47,0.471071166,0.494133949,-0.048231704,0.656982191,3421531.925,4278547.493,10393.50565
2.48,0.465644705,0.49368621,-0.041318773,0.725616459,3355621.651,4344468.442,10559.11784
2.49,0.46004005,0.493310736,-0.03377839,0.782489104,3286992.234,4413106.516,10697.33755
2.5,0.45434559,0.49301319,-0.025732815,0.826669283,3216787.859,4483317.015,10805.51192
2.51,0.448651129,0.492797972,-0.017312465,0.857455822,3146169.476,4553938.633,10881.58556
2.52,0.443046474,0.492668147,-0.008653513,0.874397494,3076290.304,4623817.977,10924.17948
2.53,0.437620013,0.492625405,0.000104665,0.877304491,3008272.274,4691833.135,10932.64222
2.54,0.432457324,0.492670037,0.008822109,0.866249777,2943184.539,4756915.15,10907.06748
2.55,0.427639826,0.492800947,0.017360856,0.841560015,2882024.987,4818066.489,10848.27663
2.56,0.423243494,0.493015681,0.025587385,0.803796859,2825705.392,4874375.855,10757.76774
2.57,0.41933766,0.493310483,0.033374826,0.753730392,2775040.466,4925029.096,10637.63632
2.58,0.415983923,0.49368037,0.040604891,0.692307233,2730740.723,4969316.302,10490.47579
2.59,0.413235172,0.49411923,0.047169464,0.620616263,2693408.703,5006635.54,10319.26707
2.6,0.411134756,0.494619925,0.052971854,0.539854999,2663537.883,5036493.916,10127.26718
2.61,0.409715802,0.495174411,0.057927733,0.451299282,2641513.426,5058506.794,9917.905777
2.62,0.409000685,0.495773869,0.061965794,0.3562784,2627613.902,5072396.063,9694.696662
2.63,0.409000685,0.496408832,0.065028196,0.256156871,2622013.151,5077988.255,9461.168817
2.64,0.409715802,0.497069322,0.067070859,0.152323181,2624781.656,5075213.169,9220.818662
2.65,0.411134756,0.497744993,0.068063683,0.046184809,2635886.983,5064103.42,8977.082461
2.66,0.413235172,0.498425265,0.067990733,-0.060832064,2655193.146,5044795.073,8733.325426
2.67,0.415983923,0.499099475,0.066850444,-0.167280396,2682459.017,5017529.228,8492.84225
2.68,0.41933766,0.499757012,0.064655832,-0.271690424,2717336.196,4982654.147,8258.862726
2.69,0.423243494,0.500387473,0.061434724,-0.372570896,2759366.979,4940627.294,8034.555875
2.7,0.427639826,0.500980806,0.057229932,-0.468416012,2807983.218,4892016.476,7823.026567
2.71,0.432457324,0.501527463,0.05209933,-0.557720004,2862506.951,4837499.224,7627.299942
2.72,0.437620013,0.50201855,0.046115737,-0.63900041,2922153.65,4777859.57,7450.290885
2.73,0.443046474,0.502445972,0.039366525,-0.710829882,2986038.777,4713981.517,7294.758149
2.74,0.448651129,0.502802579,0.031952873,-0.771875144,3053188.085,4646838.772,7163.245153
2.75,0.45434559,0.503082295,0.023988608,-0.820940479,3122551.799,4577480.604,7058.011737
2.76,0.46004005,0.503280237,0.01559861,-0.857012285,3193022.429,4507014.078,6980.962839
2.77,0.465644705,0.503392817,0.006916777,-0.879300692,3263455.604,4436583.251,6933.580921
2.78,0.471071166,0.50341782,-0.001916384,-0.887274333,3332693.04,4367346.238,6916.868881
2.79,0.476233855,0.503354454,-0.010756467,-0.880684971,3399586.559,4300451.212,6931.309087
2.8,0.481051353,0.503203376,-0.019458059,-0.859579741,3463021.983,4237012.509,6976.842233
2.81,0.485447685,0.50296669,-0.027877692,-0.824300171,3521941.835,4178087.917,7052.867352
2.82,0.489353519,0.502647908,-0.035876719,-0.775468619,3575365.949,4124658.048,7158.261726
2.83,0.492707257,0.502251894,-0.043324004,-0.713964022,3622409.339,4077608.427,7291.417269
2.84,0.495456008,0.50178477,-0.050098324,-0.640889866,3662297.028,4037714.626,7450.288327
2.85,0.497556423,0.501253814,-0.056090437,-0.557537729,3694375.792,4005630.471,7632.445167
2.86,0.498975378,0.500667326,-0.061204775,-0.465349727,3718123.055,3981879.113,7835.127597
2.87,0.499690494,0.500034488,-0.065360768,-0.365882731,3733153.278,3966846.587,8055.29424
2.88,0.499690494,0.499365206,-0.068493833,-0.260776366,3739222.303,3960777.446,8289.664642
2.89,0.498975378,0.49866995,-0.070556066,-0.151725805,3736230.021,3963772.056,8534.753482
2.9,0.497556423,0.497959583,-0.071516683,-0.040459352,3724221.63,3975785.323,8786.898206
2.91,0.495456008,0.497245188,-0.071362257,0.07128013,3703387.583,3996626.729,9042.283309
2.92,0.492707257,0.496537896,-0.070096784,0.181751509,3674062.101,4025961.825,9296.965788
2.93,0.489353519,0.495848711,-0.067741582,0.289231316,3636719.954,4063315.447,9546.906947
2.94,0.485447685,0.495188336,-0.064335029,0.392031192,3591971.1,4108077.1,9788.015495
2.95,0.481051353,0.494567012,-0.059932102,0.488518353,3540552.7,4159508.976,10016.20577
2.96,0.476233855,0.493994345,-0.054603708,0.577139929,3483318.105,4216756.998,10227.47304
2.97,0.471071166,0.493479161,-0.048435733,0.656451137,3421222.564,4278865.167,10417.98522
2.98,0.465644705,0.493029357,-0.041527811,0.725146364,3355305.659,4344793.177,10584.18769
2.99,0.46004005,0.492651771,-0.03399177,0.782091377,3286670.777,4413436.996,10722.91498
3,0.45434559,0.492352073,-0.025949762,0.826354245,3216462.266,4483651.755,10831.50122
3.01,0.448651129,0.492134672,-0.017532108,0.857232249,3145841.203,4554276.021,10907.87974
3.02,0.443046474,0.492002642,-0.008874903,0.874272187,3075960.894,4624156.319,10950.66264
3.03,0.437620013,0.491957682,-0.000117468,0.877281906,3007943.307,4692170.705,10959.19231
3.04,0.432457324,0.492000094,0.00860027,0.866331749,2942857.585,4757250.245,10933.55947
3.05,0.427639826,0.492128792,0.017140354,0.841745612,2881701.554,4818397.478,10874.58586
3.06,0.423243494,0.492341332,0.025369237,0.804082381,2825386.882,4874701.229,10783.77326
3.07,0.41933766,0.492633969,0.033160002,0.754109514,2774728.138,4925347.504,10663.22414
3.08,0.415983923,0.493001729,0.040394284,0.692771291,2730435.662,4969626.58,10515.54172
3.09,0.413235172,0.493438507,0.046963871,0.621154657,2693111.8,5006936.734,10343.71916
3.1,0.411134756,0.493937174,0.05277196,0.540455664,2663249.827,5036785.285,10151.02752
3.11,0.409715802,0.494489693,0.057734096,0.451949217,2641234.705,5058787.811,9940.911729
3.12,0.409000685,0.495087248,0.061778841,0.356964185,2627344.808,5072666.409,9716.901445
3.13,0.409000685,0.495720376,0.064848219,0.256865152,2621753.797,5078247.801,9482.541502
3.14,0.409715802,0.496379102,0.066898018,0.153041099,2624531.993,5075461.956,9241.343657
3.15,0.411134756,0.49705308,0.067898015,0.046900331,2635646.822,5064341.639,8996.758586
3.16,0.413235172,0.497731732,0.067832159,-0.06012989,2654962.177,5045023.047,8752.164685
3.17,0.415983923,0.49840439,0.066698781,-0.166601292,2682236.834,5017747.388,8510.868405
3.18,0.41933766,0.499060444,0.064510807,-0.271042804,2717122.315,4982863.016,8276.10978
3.19,0.423243494,0.499689486,0.061295986,-0.37196187,2759160.853,4940827.469,8051.066545
3.2,0.427639826,0.500281462,0.057097064,-0.467851439,2807784.253,4892208.617,7838.850818
3.21,0.432457324,0.500826817,0.051971863,-0.557204584,2862314.518,4837684.044,7642.49362
3.22,0.437620013,0.501316654,0.045993161,-0.638537803,2921967.095,4778037.823,7464.914494
3.23,0.443046474,0.501742872,0.039248296,-0.710422841,2985857.424,4714153.994,7308.875766
3.24,0.448651129,0.502098316,0.031838424,-0.771525643,3053011.245,4647006.294,7176.923498
3.25,0.45434559,0.502376903,0.023877357,-0.820649847,3122378.773,4577644.018,7071.319392
3.26,0.46004005,0.502573746,0.015489963,-0.856781324,3192852.507,4507174.249,6993.969602
3.27,0.465644705,0.50268525,0.006810134,-0.87912979,3263288.068,4436741.062,6946.357287
3.28,0.471071166,0.502709194,-0.002021625,-0.887163565,3332527.165,4367502.582,6929.485644
3.29,0.476233855,0.502644779,-0.010860905,-0.880634184,3399421.611,4300606.99,6943.837031
3.3,0.481051353,0.502492658,-0.019562293,-0.859588625,3462857.216,4237168.627,6989.351927
3.31,0.485447685,0.502254928,-0.027982316,-0.824368318,3521776.498,4178245.282,7065.429001
3.32,0.489353519,0.501935095,-0.035982324,-0.775595553,3575199.275,4124817.567,7170.945085
3.33,0.492707257,0.501538016,-0.043431173,-0.714149214,3622240.552,4077771.002,7304.291575
3.34,0.495456008,0.50106981,-0.050207636,-0.641132721,3662125.339,4037881.155,7463.422233
3.35,0.497556423,0.500537747,-0.056202465,-0.557837538,3694200.403,4005801.842,7645.906634
3.36,0.498975378,0.499950122,-0.061320082,-0.465705598,3717943.16,3982056.203,7848.983716
3.37,0.499690494,0.499316111,-0.065479907,-0.366293481,3732968.07,3967030.254,8069.610935
3.38,0.499690494,0.498645616,-0.068617345,-0.261240384,3739030.981,3960968.52,8304.506226
3.39,0.498975378,0.4979491,-0.07068447,-0.152240898,3736031.801,3963971.331,8550.182019
3.4,0.497556423,0.497237422,-0.071650474,-0.041022566,3724015.76,3975993.539,8802.97267
3.41,0.495456008,0.49652166,-0.071501897,0.070672691,3703173.36,3996844.557,9059.05851
3.42,0.492707257,0.49581294,-0.070242689,0.181104853,3673838.893,4026189.841,9314.491084
3.43,0.489353519,0.495122262,-0.067894113,0.288551705,3636487.225,4063554.113,9565.224755
3.44,0.485447685,0.494460328,-0.064494476,0.391326239,3591728.433,4108326.738,9807.15967
3.45,0.481051353,0.493837373,-0.060098675,0.487797056,3540299.826,4159769.738,10036.19991
3.46,0.476233855,0.493263005,-0.054777518,0.576412608,3483054.927,4217028.85,10248.32882
3.47,0.471071166,0.492746047,-0.048616783,0.655729286,3420949.174,4279147.869,10439.7009
3.48,0.465644705,0.492294397,-0.041715986,0.724442392,3355022.355,4345086.27,10606.74689
3.49,0.46004005,0.491914895,-0.034186828,0.781418253,3286378.067,4413739.802,10746.2859
3.5,0.45434559,0.491613215,-0.026151329,0.825725053,3216160.867,4483963.384,10855.63632
3.51,0.448651129,0.491393768,-0.017739683,0.85665969,3145532.024,4554595.389,10932.7161
3.52,0.443046474,0.491259635,-0.009087861,0.87376805,3075645.014,4624482.18,10976.12293
3.53,0.437620013,0.491212523,-0.000335074,0.876856555,3007621.939,4692501.684,10985.18641
3.54,0.432457324,0.49125274,0.008378846,0.865993667,2942532.036,4757584.885,10959.98664
3.55,0.427639826,0.49137921,0.016916014,0.841501035,2881373.183,4818734.287,10901.33736
3.56,0.423243494,0.491589497,0.025142935,0.80393506,2825057.053,4875038.721,10810.73537
3.57,0.41933766,0.491879866,0.032932715,0.754060612,2774398.18,4925684.249,10690.28119
3.58,0.415983923,0.492245353,0.040166991,0.692819422,2730106.828,4969961.237,10542.57917
3.59,0.413235172,0.492679864,0.046737523,0.621296053,2692785.242,5007268.081,10370.62645
3.6,0.411134756,0.493176277,0.052547459,0.540684454,2662926.569,5037112.241,10177.70061
3.61,0.409715802,0.493726564,0.057512279,0.45225777,2640915.634,5059109.447,9967.2552
3.62,0.409000685,0.494321918,0.06156046,0.357343497,2627030.668,5072981.951,9742.830129
3.63,0.409000685,0.494952883,0.064633932,0.257305236,2621445.188,5078556.627,9507.981649
3.64,0.409715802,0.495609489,0.066688381,0.15353134,2624229.381,5075763.592,9266.233661
3.65,0.411134756,0.496281396,0.067693474,0.047429794,2635350.547,5064635.749,9021.049337
3.66,0.413235172,0.49695803,0.067633051,-0.059572219,2654672.467,5045309.417,8775.819631
3.67,0.415983923,0.497628725,0.066505334,-0.166026331,2681953.809,5018025.924,8533.863412
3.68,0.41933766,0.498282874,0.06432314,-0.270461268,2716846.004,4983133.73,8298.432878
3.69,0.423243494,0.498910068,0.061114111,-0.371384216,2758891.194,4941090.48,8072.71762
3.7,0.427639826,0.499500253,0.056920892,-0.467287845,2807521.1,4892464.146,7859.841309
3.71,0.432457324,0.500043875,0.051801205,-0.556664952,2862057.637,4837932.416,7662.846251
3.72,0.437620013,0.500532031,0.045827727,-0.638031764,2921716.163,4778279.471,7484.663035
3.73,0.443046474,0.500956619,0.039087703,-0.70995975,2985612.024,4714389.467,7328.06482
3.74,0.448651129,0.501310478,0.031682199,-0.771114551,3052770.856,4647236.259,7195.608287
3.75,0.45434559,0.501587522,0.023724935,-0.820299454,3122142.766,4577869.266,7089.56549
3.76,0.46004005,0.501782856,0.015340696,-0.856499899,3192620.141,4507395.698,7011.85259
3.77,0.465644705,0.501892879,0.006663295,-0.878925073,3263058.481,4436959.757,6963.962289
3.78,0.471071166,0.501915362,-0.002166838,-0.887042655,3332299.38,4367719.689,6946.906713
3.79,0.476233855,0.501849499,-0.011005362,-0.880603414,3399194.534,4300823.789,6961.176378
3.8,0.481051353,0.501695932,-0.019706922,-0.85965344,3462629.646,4237386.503,7006.718974
3.81,0.485447685,0.501456749,-0.028128094,-0.824533156,3521547.133,4178465.707,7082.939283
3.82,0.489353519,0.501135447,-0.036130266,-0.775863734,3574966.732,4125042.084,7188.718993
3.83,0.492707257,0.500736872,-0.043582322,-0.714522844,3622003.377,4078001.206,7322.452966
3.84,0.495456008,0.500267133,-0.050363049,-0.641612593,3661882.03,4038118.671,7482.096917
3.85,0.497556423,0.499733489,-0.0563632,-0.558423048,3693949.43,4006048.304,7665.22075
3.86,0.498975378,0.499144224,-0.061487184,-0.466394648,3717682.989,3982313.225,7869.061983
3.87,0.499690494,0.498508505,-0.065654393,-0.367082387,3732697.188,3967299.407,8090.574784
3.88,0.499690494,0.497836223,-0.068800185,-0.262123768,3738747.926,3961251.301,8326.471799
3.89,0.498975378,0.497137833,-0.070876573,-0.153211573,3735735.194,3964269.132,8573.258016
3.9,0.497556423,0.496424183,-0.071852666,-0.042071424,3723704.339,3976307.609,8827.258037
3.91,0.495456008,0.495706345,-0.071714904,0.069556779,3702846.02,3997175.967,9084.639978
3.92,0.492707257,0.494995438,-0.070467116,0.179935117,3673494.725,4026539.442,9341.440584
3.93,0.489353519,0.494302457,-0.068130423,0.287343497,3636125.559,4063922.491,9593.59677
3.94,0.485447685,0.493638099,-0.064742967,0.390096982,3591348.88,4108714.177,9836.988592
3.95,0.481051353,0.493012598,-0.060359462,0.486566086,3539902.315,4160176.181,10067.49756
3.96,0.476233855,0.492435562,-0.055050515,0.575200901,3482639.736,4217453.869,10281.08225
3.97,0.471071166,0.491915814,-0.048901688,0.654559038,3420516.957,4279590.645,10473.87068
3.98,0.465644705,0.491461258,-0.042012272,0.723336465,3354574.145,4345545.588,10642.26604
3.99,0.46004005,0.491078741,-0.034493739,0.780399487,3285915.274,4414214.061,10783.05966
4,0.45434559,0.490773944,-0.026467886,0.824815475,3215685.252,4484450.626,10893.54286
4.01,0.448651129,0.49055129,-0.018064692,0.855879672,3145045.66,4555093.346,10971.60832
4.02,0.443046474,0.490413872,-0.00941994,0.873135456,3075150.223,4624988.334,11015.83129
4.03,0.437620013,0.490363411,-0.000672676,0.876385954,3007121.229,4693013.345,11025.52271
4.04,0.432457324,0.490400233,0.008037393,0.865695667,2942028.018,4758099.271,11000.74872
4.05,0.427639826,0.490523278,0.016572467,0.841381802,2880868.489,4819248.609,10942.3144
4.06,0.423243494,0.490730129,0.024799089,0.803996046,2824554.254,4875550.272,10851.71348
4.07,0.41933766,0.491017066,0.032590358,0.754298535,2773899.713,4926190.47,10731.04912
4.08,0.415983923,0.491379146,0.039827853,0.693226477,2729614.938,4970459.785,10582.93379
4.09,0.413235172,0.491810289,0.046403237,0.621860339,2692301.927,5007756.873,10410.37765
4.1,0.411134756,0.492303391,0.052219523,0.541390577,2662453.553,5037589.487,10216.6756
4.11,0.409715802,0.492850437,0.057192021,0.453087556,2640454.346,5059573.668,10005.30186
4.12,0.409000685,0.493442632,0.061249018,0.358276768,2626582.235,5073431.979,9779.819479
4.13,0.409000685,0.494070531,0.064332235,0.258320581,2621010.449,5078991.603,9543.809422
4.14,0.409715802,0.494724172,0.066397141,0.154606834,2623808.895,5076182.945,9300.820991
4.15,0.411134756,0.495393222,0.067413185,0.048543638,2634944.616,5065039.178,9054.34271
4.16,0.413235172,0.496067108,0.067363992,-0.058441179,2654281.158,5045696.87,8807.790228
4.17,0.415983923,0.49673517,0.066247576,-0.164898197,2681576.979,5018397.575,8564.505975
4.18,0.41933766,0.497386796,0.064076561,-0.269354796,2716483.317,4983489.961,8327.76425
4.19,0.423243494,0.49801158,0.060878408,-0.370316622,2758542.146,4941431.86,8100.775065
4.2,0.427639826,0.49859946,0.056695598,-0.466274684,2807185.029,4892791.421,7886.680712
4.21,0.432457324,0.499140877,0.051585705,-0.555720063,2861733.74,4838246.495,7688.540249
4.22,0.437620013,0.499626924,0.045621278,-0.637167241,2921403.507,4778581.415,7509.299135
4.23,0.443046474,0.500049488,0.03888945,-0.709185944,2985309.555,4714680.479,7351.743503
4.24,0.448651129,0.500401402,0.031491188,-0.770440081,3052477.412,4647517.673,7218.441109
4.25,0.45434559,0.500676567,0.023540139,-0.81973122,3121857.085,4578142.531,7111.673184
4.26,0.46004005,0.500870079,0.015161025,-0.856043115,3192340.875,4507662.364,7033.363157
4.27,0.465644705,0.500978326,0.006487615,-0.878583301,3262784.211,4437221.456,6985.009099
4.28,0.471071166,0.500999066,-0.002339687,-0.886817856,3332028.629,4367978.114,6967.626624
4.29,0.476233855,0.500931482,-0.011176554,-0.880496021,3398925.787,4301080.673,6981.707899
4.3,0.481051353,0.500776206,-0.019877624,-0.859662451,3462361.368,4237643.589,7027.200504
4.31,0.485447685,0.500535313,-0.02829946,-0.824656239,3521277.786,4178724.734,7103.507454
4.32,0.489353519,0.500212289,-0.036303419,-0.776097352,3574694.793,4125304.758,7209.507139
4.33,0.492707257,0.499811968,-0.043758344,-0.714862369,3621727.354,4078269.184,7343.589737
4.34,0.495456008,0.499340449,-0.050542971,-0.64205243,3661600.48,4038393.537,7503.705029
4.35,0.497556423,0.498804981,-0.056547992,-0.558956723,3693660.973,4006331.557,7687.41586
4.36,0.498975378,0.49821384,-0.061677747,-0.467014877,3717386.321,3982606.26,7891.951657
4.37,0.499690494,0.497576183,-0.065851552,-0.367781103,3732391.101,3967603.501,8114.257512
4.38,0.499690494,0.496901892,-0.069004679,-0.262892111,3738431.321,3961567.594,8351.036003
4.39,0.498975378,0.496201417,-0.07108905,-0.154039841,3735407.097,3964598.61,8598.78101
4.4,0.497556423,0.4954856,-0.072073672,-0.042948997,3723363.925,3976651.083,8853.804895
4.41,0.495456008,0.494765507,-0.071944873,0.06864153,3702492.637,3997534.049,9112.262283
4.42,0.492707257,0.494052254,-0.070706362,0.178994913,3673127.914,4026912.521,9370.175065
4.43,0.489353519,0.493356833,-0.068379124,0.286392205,3635745.084,4064310.707,9623.463853
4.44,0.485447685,0.49268994,-0.065001161,0.389149603,3590954.752,4109117.395,9867.990937
4.45,0.481051353,0.492061811,-0.060627029,0.485638671,3539494.815,4160593.971,10099.61868
4.46,0.476233855,0.491482053,-0.055327172,0.574310349,3482219.433,4217885.491,10314.28536
4.47,0.471071166,0.490959496,-0.04918698,0.653722778,3420084.714,4280035.042,10508.09789
4.48,0.465644705,0.490502047,-0.042305569,0.722572017,3354131.121,4346001.392,10677.43807
4.49,0.46004005,0.490116561,-0.034794238,0.779723911,3285462.908,4414679.613,10819.07623
4.5,0.45434559,0.489808728,-0.026774619,0.824244741,3215225.233,4484924.008,10930.28387
4.51,0.448651129,0.48958298,-0.01837654,0.855427977,3144579.888,4555572.431,11008.93582
4.52,0.443046474,0.489442425,-0.009735654,0.872814567,3074680.754,4625470.846,11053.59229
4.53,0.437620013,0.489388794,-0.000990905,0.876204606,3006650.211,4693496.923,11063.5528
4.54,0.432457324,0.489422428,0.007718071,0.865659091,2941557.623,4758581.549,11038.87618
4.55,0.427639826,0.489542282,0.016253508,0.841491416,2880400.843,4819727.282,10980.36484
4.56,0.423243494,0.489745951,0.024481943,0.804249356,2824091.375,4876023.166,10889.51451
4.57,0.41933766,0.490029733,0.032276431,0.754689241,2773443.452,4926655.6,10768.43503
4.58,0.415983923,0.490388696,0.039518471,0.693744789,2729166.93,4970915.401,10619.74974
4.59,0.413235172,0.490816774,0.046099614,0.622493465,2691863.563,5008201.491,10446.48342
4.6,0.411134756,0.491306873,0.051922732,0.54212334,2662025.961,5038021.906,10251.94849
4.61,0.409715802,0.49185099,0.056902976,0.453903088,2640038.383,5059992.973,10039.63883
4.62,0.409000685,0.492440338,0.060968457,0.359157224,2626178.496,5073837.537,9813.138437
4.63,0.409000685,0.493065476,0.064060717,0.25924781,2620619.28,5079383.041,9576.049635
4.64,0.409715802,0.493716449,0.066135045,0.155562985,2623430.419,5076560.13,9331.942827
4.65,0.411134756,0.494382926,0.067160715,0.049511642,2634578.757,5065402.191,9084.326765
4.66,0.413235172,0.495054336,0.067121187,-0.057477241,2653927.667,5046045.978,8836.636007
4.67,0.415983923,0.495720017,0.066014321,-0.163952857,2681235.463,5018733.206,8592.230289
4.68,0.41933766,0.496369358,0.063852605,-0.268441079,2716153.264,4983812.682,8354.399451
4.69,0.423243494,0.496991946,0.060663376,-0.369446023,2758222.943,4941742.359,8126.367265
4.7,0.427639826,0.497577719,0.056489008,-0.465457228,2806875.981,4893090.489,7911.288056
4.71,0.432457324,0.49811711,0.051386981,-0.554964407,2861434.084,4838535.018,7712.23133
4.72,0.437620013,0.498601205,0.045429763,-0.636480816,2921112.417,4778860.364,7532.15156
4.73,0.443046474,0.499021888,0.038704417,-0.708575101,2985026.15,4714950.905,7373.842654
4.74,0.448651129,0.499371979,0.031311855,-0.769910235,3052200.758,4647780.701,7239.879064
4.75,0.45434559,0.499645375,0.023365671,-0.819286984,3121586.197,4578399.361,7132.547801
4.76,0.46004005,0.499837163,0.014990546,-0.855688408,3192074.715,4507914.264,7053.777281
4.77,0.465644705,0.49994372,0.006320212,-0.878321443,3262521.688,4437469.757,7005.069878
4.78,0.471071166,0.499962797,-0.002504957,-0.886651637,3331768.599,4368224.205,6987.444898
4.79,0.476233855,0.499893566,-0.011340658,-0.880427756,3398667.052,4301325.996,7001.39765
4.8,0.481051353,0.49973665,-0.020041552,-0.859694007,3462102.677,4237889.633,7046.878338
4.81,0.485447685,0.499494113,-0.028464215,-0.824789054,3521017.838,4178973.024,7123.292097
4.82,0.489353519,0.499169432,-0.036470018,-0.776332425,3574432.24,4125556.848,7229.518937
4.83,0.492707257,0.49876743,-0.043927812,-0.715200234,3621460.806,4078526.648,7363.95012
4.84,0.495456008,0.498294197,-0.050716333,-0.642493092,3661328.511,4038657.962,7524.535923
4.85,0.497556423,0.49775697,-0.056726272,-0.559499575,3693382.132,4006604.526,7708.839005
4.86,0.498975378,0.497164016,-0.061861959,-0.467658572,3717099.141,3982889.345,7914.087786
4.87,0.499690494,0.496524482,-0.06604269,-0.368523391,3732094.117,3967898.242,8137.225353
4.88,0.499690494,0.49584824,-0.069203711,-0.263729645,3738123.085,3961875.481,8374.951046
4.89,0.498975378,0.49514573,-0.071296904,-0.154967947,3735086.208,3964921.06,8623.754007
4.9,0.497556423,0.494427786,-0.072291221,-0.043961428,3723029.054,3976989.409,8879.940053
4.91,0.495456008,0.493705465,-0.072172919,0.067552844,3702142.561,3997889.426,9139.655139
4.92,0.492707257,0.492989875,-0.070945616,0.177840091,3672761.557,4027285.945,9398.910055
4.93,0.489353519,0.492292002,-0.068630186,0.285183598,3635361.56,4064702.956,9653.611631
4.94,0.485447685,0.491622538,-0.065264495,0.387901895,3590553.409,4109528.981,9899.605525
4.95,0.481051353,0.490991713,-0.060902942,0.484368866,3539075.279,4161025.102,10132.73458
4.96,0.476233855,0.490409132,-0.055615789,0.573037621,3481781.647,4218336.027,10348.91479
4.97,0.471071166,0.489883626,-0.049488228,0.65246816,3419628.973,4280504.47,10544.22837
4.98,0.465644705,0.489423104,-0.042619155,0.721357917,3353658.092,4346488.812,10715.03054
4.99,0.46004005,0.489034423,-0.035119643,0.778573468,3284973.634,4415183.731,10858.06393
5,0.45434559,0.488723281,-0.027111093,0.823181039,3214721.126,4485443.16,10970.57215
5.01,0.448651129,0.488494119,-0.018723108,0.854473171,3144062.694,4556104.613,11050.40302
5.02,0.443046474,0.488350054,-0.010091126,0.871988965,3074152.513,4626013.769,11096.09177
5.03,0.437620013,0.488292831,-0.001353902,0.875525786,3006113.189,4694048.085,11106.916
5.04,0.432457324,0.488322806,0.007349086,0.865141122,2941014.242,4759138.307,11082.91677
5.05,0.427639826,0.488438948,0.015880191,0.841144241,2879853.601,4820286.94,11024.8835
5.06,0.423243494,0.488638872,0.02410603,0.804078391,2823542.763,4876583.056,10934.30438
5.07,0.41933766,0.488918891,0.031899687,0.754695221,2772895.882,4927213.158,10813.28724
5.08,0.415983923,0.489274091,0.039142646,0.693923857,2728622.668,4971468.231,10664.45895
5.09,0.413235172,0.489698424,0.045726399,0.622837499,2691324.678,5008747.422,10490.85294
5.1,0.411134756,0.490184813,0.051553718,0.542620459,2661494.282,5038559.023,10295.79477
5.11,0.409715802,0.490725268,0.056539619,0.454538299,2639515.48,5060519.643,10082.79524
5.12,0.409000685,0.491311016,0.060612053,0.359913133,2625665.67,5074352.412,9855.458143
5.13,0.409000685,0.49193263,0.063712377,0.260105351,2620117.567,5079885.057,9617.40761
5.14,0.409715802,0.492580166,0.065795687,0.156502094,2622940.597,5077048.495,9372.237058
5.15,0.411134756,0.493243297,0.066831052,0.050511853,2634101.367,5065876.366,9123.478746
5.16,0.413235172,0.493911461,0.066801728,-0.056436312,2653463.033,5046505.661,8874.590654
5.17,0.415983923,0.494574001,0.065705375,-0.162891152,2680783.711,5019178.31,8628.955442
5.18,0.41933766,0.495220305,0.063554282,-0.267377847,2715714.336,4984243.325,8389.885094
5.19,0.423243494,0.495839963,0.0603756,-0.36839967,2757796.615,4942158.849,8160.624597
5.2,0.427639826,0.496422909,0.056211522,-0.464445236,2806461.869,4893493.318,7944.348495
5.21,0.432457324,0.496959574,0.051119358,-0.554003305,2861031.649,4838924.86,7744.145519
5.22,0.437620013,0.49744104,0.045171416,-0.635586168,2920720.967,4779238.077,7562.988394
5.23,0.443046474,0.497859181,0.038454609,-0.707761488,2984644.836,4715317.528,7403.688316
5.24,0.448651129,0.498206813,0.031069707,-0.769191234,3051828.571,4648137.463,7268.83605
5.25,0.45434559,0.498477821,0.023130173,-0.818675111,3121221.966,4578747.674,7160.733888
5.26,0.46004005,0.49866728,0.01476057,-0.855195045,3191717.103,4508255.723,7081.324405
5.27,0.465644705,0.498771559,0.006094522,-0.877956738,3262169.198,4437806.132,7032.122871
5.28,0.471071166,0.498788393,-0.002727691,-0.886424404,3331419.577,4368557.429,7014.160074
5.29,0.476233855,0.498716943,-0.011561847,-0.880345361,3398319.697,4301658.145,7027.941224
5.3,0.481051353,0.498557814,-0.020262673,-0.859762269,3461755.06,4238222.907,7073.424696
5.31,0.485447685,0.498313058,-0.028686795,-0.825012158,3520667.917,4179309.721,7150.021919
5.32,0.489353519,0.497986136,-0.036695615,-0.776712847,3574077.882,4125899.335,7256.617207
5.33,0.492707257,0.497581855,-0.044158002,-0.715738678,3621099.815,4078877.333,7391.604045
5.34,0.495456008,0.497106288,-0.05095269,-0.643188434,3660958.651,4039019.261,7552.93277
5.35,0.497556423,0.496566659,-0.056970347,-0.5603488,3693001.162,4006978.834,7738.163857
5.36,0.498975378,0.495971218,-0.062115265,-0.468656703,3716704.843,3983278.998,7944.521211
5.37,0.499690494,0.495329097,-0.06630668,-0.369663391,3731684.332,3968305.486,8168.940957
5.38,0.499690494,0.494650155,-0.069479757,-0.265002292,3737695.751,3962302.431,8408.112875
5.39,0.498975378,0.493944817,-0.071586273,-0.156361697,3734639.403,3965369.655,8658.513761
5.4,0.497556423,0.493223907,-0.072595053,-0.04546225,3722561.041,3977461.37,8916.434089
5.41,0.495456008,0.49249847,-0.072492202,0.06596162,3701651.84,3998386.199,9178.001262
5.42,0.492707257,0.491779607,-0.071281157,0.176177894,3672246.922,4027808.651,9439.204115
5.43,0.489353519,0.491078295,-0.068982584,0.283472676,3634822.151,4065252.33,9695.924002
5.44,0.485447685,0.490405221,-0.065634113,0.386167264,3589988.773,4110105.32,9943.977592
5.45,0.481051353,0.489770613,-0.061289881,0.482638116,3538485.418,4161628.211,10179.17539
5.46,0.476233855,0.489184078,-0.056019864,0.571340549,3481167.064,4218965.185,10397.39812
5.47,0.471071166,0.488654448,-0.049908946,0.650836197,3418990.7,4281158.398,10594.69042
5.48,0.465644705,0.48818964,-0.043055706,0.719823351,3352997.699,4347165.67,10767.36855
5.49,0.46004005,0.487796521,-0.035570895,0.777168475,3284293.22,4415881.137,10912.13596
5.5,0.45434559,0.4874808,-0.027575597,0.821936568,3214023.283,4486158.23,11026.19824
5.51,0.448651129,0.487246936,-0.019199118,0.853417733,3143350.446,4556834.031,11107.36778
5.52,0.443046474,0.487098063,-0.010576629,0.871147422,3073429.231,4626753.878,11154.14854
5.53,0.437620013,0.48703595,-0.00184666,0.874918224,3005382.491,4694794.994,11165.79241
5.54,0.432457324,0.487060973,0.006851484,0.864781897,2940279.879,4759888.011,11142.32146
5.55,0.427639826,0.487172127,0.015380269,0.841041293,2879119.338,4821035.446,11084.51375
5.56,0.423243494,0.487367053,0.023606356,0.804232872,2822812.264,4877326.495,10993.85425
5.57,0.41933766,0.487642089,0.031402809,0.755101477,2772172.605,4927947.895,10872.45571
5.58,0.415983923,0.487992347,0.038651023,0.69456976,2727909.779,4972190.955,10722.95778
5.59,0.413235172,0.488411801,0.045242339,0.623705088,2690624.978,5009455.206,10548.41366
5.6,0.411134756,0.488893397,0.051079326,0.543686837,2660810.166,5039249.376,10352.17477
5.61,0.409715802,0.489429165,0.056076751,0.455776696,2638848.912,5061190.526,10137.78246
5.62,0.409000685,0.49001035,0.060162283,0.361294051,2625018.178,5075002.242,9908.874433
5.63,0.409000685,0.490627538,0.063276978,0.261597706,2619490.255,5080512.696,9669.110822
5.64,0.409715802,0.491270796,0.065375617,0.15807427,2622334.169,5077653.222,9422.121787
5.65,0.411134756,0.491929806,0.066426953,0.052132628,2633516.161,5066457.848,9171.476015
5.66,0.413235172,0.492594011,0.066413937,-0.054797014,2652899.052,5047063.918,8920.666721
5.67,0.415983923,0.493252754,0.065333936,-0.161261688,2680240.66,5019713.681,8673.10992
5.68,0.41933766,0.493895425,0.063198966,-0.26578446,2715191.657,4984756.437,8432.148625
5.69,0.423243494,0.494511608,0.060035925,-0.366866241,2757293.515,4942650.591,8201.056242
5.7,0.427639826,0.495091232,0.055886781,-0.462993164,2805977.345,4893964.819,7983.032999
5.71,0.432457324,0.49562472,0.050808642,-0.552651472,2860564.508,4839377.469,7781.190536
5.72,0.437620013,0.496103144,0.044873639,-0.634350965,2920269.845,4779673.349,7598.521747
5.73,0.443046474,0.496518366,0.038168533,-0.706656878,2984208.209,4715737.207,7437.855322
5.74,0.448651129,0.496863189,0.030793966,-0.768228823,3051404.773,4648543.468,7301.796914
5.75,0.45434559,0.497131484,0.022863298,-0.817864235,3120809.199,4579142.079,7192.661158
5.76,0.46004005,0.497318312,0.014501007,-0.854542855,3191313.454,4508640.742,7112.400491
5.77,0.465644705,0.497420023,0.005840659,-0.877468297,3261772.655,4438184.091,7062.537625
5.78,0.471071166,0.49743434,-0.002977509,-0.886102782,3331028.046,4368930.742,7044.108442
5.79,0.476233855,0.497360403,-0.011809295,-0.880191756,3397931.024,4302029.288,7057.62099
5.8,0.481051353,0.497198804,-0.020509428,-0.859776136,3461367.049,4238594.386,7103.034335
5.81,0.485447685,0.496951576,-0.028934522,-0.825191345,3520278.351,4179684.045,7179.758599
5.82,0.489353519,0.496622162,-0.036945949,-0.777053738,3573684.547,4126278.99,7286.674939
5.83,0.492707257,0.496215357,-0.044412533,-0.716236328,3620700.517,4079264.756,7422.171994
5.84,0.495456008,0.495737216,-0.051212955,-0.64383668,3660551.238,4039416.814,7584.193715
5.85,0.497556423,0.495194949,-0.057237814,-0.561140334,3692583.539,4007388.785,7770.292749
5.86,0.498975378,0.49459679,-0.062391323,-0.469583097,3716275,3983703.496,7977.683798
5.87,0.499690494,0.493951858,-0.066592629,-0.370715068,3731240.355,3968746.542,8203.292375
5.88,0.499690494,0.493270001,-0.069776793,-0.26616843,3737235.858,3962761.888,8443.796159
5.89,0.498975378,0.492561632,-0.071895479,-0.15763008,3734161.961,3965849.164,8695.658178
5.9,0.497556423,0.491837564,-0.072917382,-0.046819078,3722064.608,3977962.352,8955.153244
5.91,0.495456008,0.491108834,-0.072828459,0.064531944,3701135.199,3998909.811,9218.390931
5.92,0.492707257,0.490386535,-0.071631982,0.174692964,3671709.123,4028355.741,9481.339822
5.93,0.489353519,0.48968164,-0.069348431,0.281952228,3634262.557,4065823.392,9739.858376
5.94,0.485447685,0.489004831,-0.066015228,0.384633237,3589407.105,4110700.449,9989.73761
5.95,0.481051353,0.488366336,-0.06168628,0.481114569,3537881.8,4162247.064,10226.75968
5.96,0.476233855,0.487775762,-0.056431313,0.569853409,3480542.057,4219606.945,10446.77452
5.97,0.471071166,0.487241945,-0.050334945,0.649412811,3418345.326,4281821.758,10645.794
5.98,0.465644705,0.486772808,-0.043495479,0.718491831,3352333.45,4347848.827,10820.10048
5.99,0.46004005,0.486375227,-0.036023384,0.775956851,3283612.048,4416581.814,10966.36329
6,0.45434559,0.486054925,-0.028039471,0.820871787,3213327.562,4486873.714,11081.75495
6.01,0.448651129,0.485816374,-0.019672784,0.852524567,3142642.924,4557561.241,11164.05717
6.02,0.443046474,0.485662725,-0.011058266,0.870447355,3072712.946,4627489.446,11211.74694
6.03,0.437620013,0.485595765,-0.002334251,0.874428425,3004660.687,4695535.367,11224.0542
6.04,0.432457324,0.485615893,0.006360101,0.864514353,2939555.894,4760629.56,11200.9852
6.05,0.427639826,0.485722126,0.014887348,0.841002188,2878396.503,4821774.577,11143.30909
6.06,0.423243494,0.485912126,0.023114183,0.804422278,2822093.799,4878059.759,11052.50923
6.07,0.41933766,0.486182256,0.030913639,0.755513369,2771461.522,4928672.079,10930.70414
6.08,0.415983923,0.486527647,0.038167024,0.695192364,2727208.805,4972903.163,10780.54614
6.09,0.413235172,0.486942297,0.044765534,0.624521521,2689936.501,5010152.914,10605.10738
6.1,0.411134756,0.48741917,0.05061155,0.544675975,2660136.193,5039930.467,10407.76334
6.11,0.409715802,0.487950314,0.05561961,0.456914188,2638191.051,5061853.307,10192.08346
6.12,0.409000685,0.488526987,0.05971713,0.362553395,2624377.646,5075645.44,9961.736205
6.13,0.409000685,0.489139789,0.062844894,0.262951295,2618867.886,5081135.437,9720.413895
6.14,0.409715802,0.489778795,0.064957405,0.159494344,2621730.449,5078255.004,9471.779168
6.15,0.411134756,0.490433695,0.066023144,0.053592074,2632931.258,5067038.509,9219.432517
6.16,0.413235172,0.491093935,0.066024795,-0.053324044,2652332.855,5047623.594,8966.897528
6.17,0.415983923,0.49174886,0.064959475,-0.159799348,2679692.818,5020252.779,8717.618648
6.18,0.41933766,0.492387859,0.062838967,-0.264354956,2714661.608,4985275.598,8474.965077
6.19,0.423243494,0.493000513,0.059689959,-0.365489739,2756780.517,4943150.666,8242.234051
6.2,0.427639826,0.493576744,0.055554225,-0.461687808,2805480.498,4894446.853,8022.647305
6.21,0.432457324,0.49410697,0.050488701,-0.551433493,2860082.77,4839842.683,7819.335802
6.22,0.437620013,0.494582253,0.044565366,-0.633234827,2919802.041,4780123.131,7635.309771
6.23,0.443046474,0.494994445,0.037870843,-0.705655451,2983753.04,4716173.112,7473.413449
6.24,0.448651129,0.495336338,0.030505654,-0.767353538,3050960.812,4648967.205,7336.266452
6.25,0.45434559,0.495601791,0.022583049,-0.817125221,3120374.897,4579555.517,7226.195952
6.26,0.46004005,0.495785849,0.014227414,-0.853949047,3190887.136,4509045.895,7145.165619
6.27,0.465644705,0.495884851,0.005572229,-0.877027509,3261352.519,4438583.116,7094.708169
6.28,0.471071166,0.4958965,-0.003242339,-0.885821757,3330612.168,4369325.93,7075.868294
6.29,0.476233855,0.495819925,-0.012072151,-0.880076183,3397517.359,4302423.046,7089.161668
6.3,0.481051353,0.495655698,-0.020771987,-0.859830654,3460953.438,4238989.225,7134.553782
6.31,0.485447685,0.495405837,-0.029198502,-0.825419525,3519862.533,4180082.561,7211.45995
6.32,0.489353519,0.495073767,-0.037213097,-0.777458046,3573264.166,4126683.846,7318.76524
6.33,0.492707257,0.494664266,-0.044684615,-0.716818062,3620273.142,4079678.656,7454.86085
6.34,0.495456008,0.49418337,-0.051491742,-0.644595881,3660114.378,4039842.49,7617.691837
6.35,0.497556423,0.493638271,-0.057525073,-0.562075653,3692134.664,4007828.962,7804.810366
6.36,0.498975378,0.493037188,-0.062688797,-0.470691619,3715811.567,3984160.874,8013.428866
6.37,0.499690494,0.492389221,-0.066902024,-0.371992081,3730759.839,3969223.756,8240.468534
6.38,0.499690494,0.491704202,-0.070099758,-0.26760715,3736735.786,3963261.479,8482.600353
6.39,0.498975378,0.490992528,-0.072233583,-0.159221319,3733639.958,3966373.529,8736.277893
6.4,0.497556423,0.490264995,-0.073272089,-0.048550889,3721518.444,3978513.698,8997.763292
6.41,0.495456008,0.489532628,-0.073201097,0.062674625,3700562.85,3999490.09,9263.149779
6.42,0.492707257,0.488806507,-0.072023714,0.172728646,3671108.838,4028966.588,9528.385474
6.43,0.489353519,0.488097594,-0.069760215,0.279903118,3633632.929,4066466.053,9789.303893
6.44,0.485447685,0.487416564,-0.066447783,0.382525362,3588747.143,4111375.708,10041.66641
6.45,0.481051353,0.486773638,-0.062140046,0.47897772,3537191.002,4162955.172,10281.22083
6.46,0.476233855,0.48617842,-0.056906415,0.567720855,3479820.475,4220347.561,10503.77827
6.47,0.471071166,0.485639747,-0.050831162,0.64732075,3417593.618,4282593.901,10705.30796
6.48,0.465644705,0.485165546,-0.044012217,0.716478564,3351552.908,4348650.853,10882.04667
6.49,0.46004005,0.484762701,-0.036559661,0.774061685,3282804.607,4417411.416,11030.61657
6.5,0.45434559,0.484436946,-0.028593914,0.819133714,3212495.777,4487727.958,11148.14293
6.51,0.448651129,0.484192769,-0.020243639,0.850980783,3141789.914,4558436.625,11232.36199
6.52,0.443046474,0.484033341,-0.011643424,0.869131724,3071842.315,4628381.996,11281.70894
6.53,0.437620013,0.483960471,-0.002931286,0.873369987,3003776.412,4696440.75,11295.37739
6.54,0.432457324,0.483974583,0.005753873,0.863736014,2938662.201,4761543.222,11273.3444
6.55,0.427639826,0.484074723,0.014274806,0.840519685,2877497.729,4822691.883,11216.35838
6.56,0.423243494,0.484258581,0.022498323,0.804243506,2821194.254,4878976.132,11125.89123
6.57,0.41933766,0.484522551,0.030297499,0.75563813,2770565.365,4929583.136,11004.05966
6.58,0.415983923,0.484861795,0.037553599,0.695612539,2726319.929,4973804.818,10853.52368
6.59,0.413235172,0.485270339,0.044157703,0.625221639,2689058.44,5011041.474,10677.37193
6.6,0.411134756,0.485741174,0.050012003,0.545634109,2659272.063,5040802.692,10479.00417
6.61,0.409715802,0.486266376,0.055030793,0.458103096,2637343.508,5062706.445,10262.02052
6.62,0.409000685,0.486837226,0.059141196,0.36394178,2623548.868,5076477.242,10030.12508
6.63,0.409000685,0.487444342,0.062283669,0.264505098,2618059.582,5081944.15,9787.049142
6.64,0.409715802,0.488077816,0.064412368,0.16117797,2620943.876,5079039.352,9536.496259
6.65,0.411134756,0.488727353,0.065495412,0.055369469,2632167.251,5067797.661,9282.108481
6.66,0.413235172,0.489382406,0.06551513,-0.051488503,2651591.86,5048357.134,9027.450542
6.67,0.415983923,0.490032327,0.064468285,-0.157940163,2678974.929,5020960.67,8776.006838
6.68,0.41933766,0.490666506,0.062366325,-0.262505031,2713966.599,4985958.157,8531.184762
6.69,0.423243494,0.491274524,0.059235616,-0.36368007,2756107.867,4943808.539,8296.317667
6.7,0.427639826,0.491846301,0.055117633,-0.459947323,2804829.411,4895080.998,8074.661165
6.71,0.432457324,0.492372246,0.050069035,-0.549788978,2859452.19,4840454.36,7869.377817
6.72,0.437620013,0.492843411,0.04416154,-0.631710918,2919190.657,4780713.897,7683.507184
6.73,0.443046474,0.493251638,0.037481539,-0.704274633,2983159.293,4716744.813,7519.920606
6.74,0.448651129,0.493589703,0.030129337,-0.766136153,3050382.897,4649521.976,7381.262578
6.75,0.45434559,0.493851448,0.022217993,-0.816089448,3119810.762,4580095.768,7269.882898
6.76,0.46004005,0.494031903,0.013871722,-0.853110862,3190334.493,4509574.305,7187.765536
6.77,0.465644705,0.494127384,0.005223856,-0.876400624,3260808.851,4439102.612,7136.461063
6.78,0.471071166,0.494135575,-0.003585563,-0.885417559,3330074.744,4369839.659,7117.029457
6.79,0.476233855,0.494055581,-0.012412497,-0.87990367,3396983.255,4302934.349,7129.998966
6.8,0.481051353,0.493887953,-0.021111805,-0.859896383,3460419.563,4239501.598,7175.344835
6.81,0.485447685,0.493634684,-0.029540192,-0.825727583,3519325.658,4180599.615,7252.48922
6.82,0.489353519,0.493299176,-0.03755909,-0.77801003,3572720.96,4127209.266,7360.321067
6.83,0.492707257,0.49288618,-0.045037344,-0.717613071,3619720.205,4080216.158,7497.232453
6.84,0.495456008,0.49240171,-0.051853619,-0.6456305,3659548.282,4040395.774,7661.166299
6.85,0.497556423,0.491852935,-0.05789846,-0.563343919,3691551.994,4008401.673,7849.669571
6.86,0.498975378,0.491248048,-0.063075987,-0.472184947,3715208.963,3984756.55,8059.946363
6.87,0.499690494,0.490596129,-0.067305208,-0.373699138,3730134.045,3969845.783,8288.906264
6.88,0.499690494,0.489906987,-0.070521001,-0.269513673,3736083.7,3963913.038,8533.205162
6.89,0.498975378,0.489191001,-0.07267479,-0.161309879,3732958.692,3967057.535,8789.27775
6.9,0.497556423,0.488458947,-0.073734975,-0.050800619,3720805.389,3979232.732,9053.363169
6.91,0.495456008,0.487721836,-0.073687151,0.060288314,3699815.749,4000246.333,9321.527145
6.92,0.492707257,0.486990733,-0.072534158,0.170234315,3670325.865,4029761.733,9589.685442
6.93,0.489353519,0.486276589,-0.070295968,0.277333455,3632812.772,4067301.226,9853.634102
6.94,0.485447685,0.485590072,-0.067009415,0.379917189,3587889.088,4112251.387,10109.09183
6.95,0.481051353,0.484941399,-0.062727739,0.476371788,3536295.012,4163871.108,10351.75871
6.96,0.476233855,0.484340176,-0.057519929,0.565161364,3478887.253,4221302.717,10577.39362
6.97,0.471071166,0.483795244,-0.051469801,0.64485456,3416624.655,4283586.413,10781.9099
6.98,0.465644705,0.483314537,-0.044674809,0.714154082,3350550.505,4349678.018,10961.48608
6.99,0.46004005,0.482904955,-0.03724455,0.771927445,3281771.858,4418469.712,11112.68541
7,0.45434559,0.482572251,-0.029298965,0.817236701,3211436.523,4488813.105,11232.57562
7.01,0.448651129,0.482320936,-0.020966266,0.849364611,3140708.652,4559543.686,11318.83903
7.02,0.443046474,0.482154209,-0.012380626,0.867834761,3070744.08,4629505.505,11369.86277
7.03,0.437620013,0.482073911,-0.003679718,0.872423602,3002666.624,4697574.878,11384.80054
7.04,0.432457324,0.482080501,0.004997831,0.863163063,2937546.498,4762681.951,11363.59944
7.05,0.427639826,0.482173061,0.013514955,0.840333387,2876381.785,4823829.194,11306.98932
7.06,0.423243494,0.482349321,0.021738546,0.804446798,2820083.608,4880106.182,11216.43578
7.07,0.41933766,0.482605713,0.029541654,0.756223559,2769465.259,4930700.419,11094.06169
7.08,0.415983923,0.482937436,0.036805424,0.696562699,2725235.172,4974904.301,10942.54515
7.09,0.413235172,0.483338554,0.043420716,0.626510101,2687993.307,5012118.702,10765.00382
7.1,0.411134756,0.483802091,0.049289419,0.547226756,2658230.215,5041853.857,10564.8758
7.11,0.409715802,0.484320153,0.054325456,0.459959735,2636327.961,5063728.42,10345.80696
7.12,0.409000685,0.484884047,0.058455526,0.366017902,2622561.979,5077467.589,10111.55254
7.13,0.409000685,0.485484414,0.061619629,0.266753639,2617103.067,5082901.102,9865.898212
7.14,0.409715802,0.486111364,0.063771443,0.163550959,2620018.844,5079961.777,9612.603248
7.15,0.411134756,0.486754611,0.064878613,0.057819474,2631274.251,5068685.014,9355.365012
7.16,0.413235172,0.48740362,0.064922998,-0.049007194,2650730.937,5049209.406,9097.801771
7.17,0.415983923,0.488047743,0.063900918,-0.155470648,2678145.675,5021778.337,8843.44861
7.18,0.41933766,0.488676371,0.061823405,-0.260087179,2713168.205,4986742.131,8595.760056
7.19,0.423243494,0.489279079,0.058716444,-0.361350156,2755339.169,4944560.128,8358.112613
7.2,0.427639826,0.489845778,0.054621166,-0.457737862,2804088.928,4895801.872,8133.800875
7.21,0.432457324,0.490366865,0.049593922,-0.547728711,2858738.153,4841146.525,7926.022211
7.22,0.437620013,0.490833378,0.043706162,-0.629824897,2918501.036,4781379.667,7737.846908
7.23,0.443046474,0.491237141,0.037044043,-0.702584367,2982491.817,4717386.792,7572.173107
7.24,0.448651129,0.491570911,0.029707672,-0.764659771,3049735.071,4650143.037,7431.668348
7.25,0.45434559,0.491828508,0.021809944,-0.814841873,3119179.885,4580699.032,7318.701881
7.26,0.46004005,0.492004938,0.013474938,-0.852103978,3189717.675,4510163.11,7235.273672
7.27,0.465644705,0.492096496,0.004835884,-0.875643447,3260203.035,4439680.489,7182.946974
7.28,0.471071166,0.492100839,-0.003967253,-0.884916391,3329476.726,4370410.294,7162.791253
7.29,0.476233855,0.492017047,-0.012790485,-0.879662273,3396389.711,4303501.547,7175.341189
7.3,0.481051353,0.491845645,-0.021488696,-0.859916147,3459827.074,4240069.246,7220.575564
7.31,0.485447685,0.491588599,-0.029918592,-0.826007694,3518730.738,4181171.641,7297.917336
7.32,0.489353519,0.491249286,-0.037941588,-0.778547635,3572120.085,4127789.6,7406.253707
7.33,0.492707257,0.490832431,-0.045426489,-0.718403415,3619109.841,4080808.7,7543.972632
7.34,0.495456008,0.490344024,-0.052251904,-0.64666702,3658924.915,4041004.354,7709.010659
7.35,0.497556423,0.489791207,-0.058308303,-0.564618278,3690912.157,4009030.021,7898.906213
7.36,0.498975378,0.489182152,-0.063499712,-0.473686985,3714549.269,3985408.259,8110.852651
7.37,0.499690494,0.488525915,-0.067745029,-0.375416732,3729451.222,3970524.273,8341.746498
7.38,0.499690494,0.487832284,-0.070978999,-0.271432502,3735374.633,3964621.513,8588.228001
7.39,0.498975378,0.487111616,-0.073152891,-0.163413095,3732220.472,3967798.933,8846.713253
7.4,0.497556423,0.486374673,-0.074234921,-0.053068457,3720035.37,3980009.67,9113.419362
7.41,0.495456008,0.485632445,-0.074210473,0.057878966,3699011.614,4001061.033,9384.386059
7.42,0.492707257,0.484895985,-0.073082135,0.167710319,3669485.704,4030615.953,9655.49861
7.43,0.489353519,0.484176233,-0.070869591,0.27472575,3631935.16,4068196.174,9922.51761
7.44,0.485447685,0.483483849,-0.067609345,0.377260964,3586973.176,4113187.639,10181.12107
7.45,0.481051353,0.482829044,-0.063354267,0.473706424,3535340.602,4164848.528,10426.96315
7.46,0.476233855,0.482221423,-0.058172931,0.562530092,3477894.875,4222320.391,10655.75183
7.47,0.471071166,0.481669832,-0.052148707,0.642303776,3415595.616,4284642.603,10863.34539
7.48,0.465644705,0.481182212,-0.045378574,0.711732296,3349486.921,4350770.14,11045.86432
7.49,0.46004005,0.480765477,-0.03797164,0.769683889,3280676.649,4419594.354,11199.81247
7.5,0.45434559,0.480425396,-0.030047359,0.815219641,3210313.369,4489966.079,11322.19886
7.51,0.448651129,0.480166503,-0.021733475,0.847619453,3139561.919,4560720.12,11410.65007
7.52,0.443046474,0.479992025,-0.013163732,0.866402096,3069578.699,4630699.973,11463.50286
7.53,0.437620013,0.479903833,-0.004475427,0.871337323,3001487.946,4698781.559,11479.86822
7.54,0.432457324,0.479902422,0.00419311,0.862448727,2936360.124,4763894.807,11459.66032
7.55,0.427639826,0.479986909,0.01270502,0.840006948,2875193.387,4825042.157,11403.58736
7.56,0.423243494,0.480155063,0.020927304,0.804513845,2818898.754,4881313.337,11313.10562
7.57,0.41933766,0.480403355,0.028733018,0.756679108,2768289.243,4931896.167,11190.34129
7.58,0.415983923,0.480727024,0.036003203,0.697391552,2724072.88,4976083.505,11037.98804
7.59,0.413235172,0.48112017,0.042628522,0.627687738,2686849.101,5013276.792,10859.1903
7.6,0.411134756,0.481575852,0.04851058,0.548720649,2657107.861,5042986.901,10657.42268
7.61,0.409715802,0.482086207,0.053562943,0.461730974,2635230.581,5064833.17,10436.37532
7.62,0.409000685,0.48264257,0.057711896,0.368022972,2621492.046,5078541.482,10199.85341
7.63,0.409000685,0.483235605,0.060896991,0.268946208,2616062.416,5083942.245,9951.696107
7.64,0.409715802,0.483855442,0.063071436,0.16588355,2619008.709,5080968.91,9695.717749
7.65,0.411134756,0.484491808,0.064202401,0.060244915,2630295.314,5069657.461,9435.670575
7.66,0.413235172,0.485134177,0.064271282,-0.046534595,2649783.383,5050147.026,9175.226161
7.67,0.415983923,0.485771907,0.063273953,-0.152994246,2677229.244,5022681.466,8917.970306
7.68,0.41933766,0.486394388,0.061221025,-0.257647426,2712282.246,4987611.541,8667.404989
7.69,0.423243494,0.486991193,0.058138095,-0.358984305,2754482.683,4945396.985,8426.950561
7.7,0.427639826,0.487552224,0.054065937,-0.455479882,2803260.6,4896607.706,8199.941784
7.71,0.432457324,0.488067869,0.049060578,-0.545609354,2857936.379,4841923.211,7989.612603
7.72,0.437620013,0.48852915,0.043193176,-0.62787186,2917723.94,4782129.408,7799.066512
7.73,0.443046474,0.488927876,0.036549625,-0.700822491,2981737.257,4718112.112,7631.231731
7.74,0.448651129,0.489256784,0.029229797,-0.76311124,3049000.646,4650846.771,7488.802996
7.75,0.45434559,0.489509674,0.021346379,-0.813526389,3118462.937,4581384.318,7374.174062
7.76,0.46004005,0.489681529,0.013023264,-0.851038896,3189015.291,4510833.378,7289.366848
7.77,0.465644705,0.489768616,0.00439352,-0.87484386,3259512.054,4440339.44,7235.964072
7.78,0.471071166,0.489768568,-0.004403027,-0.884395192,3328793.746,4371061.885,7215.052199
7.79,0.476233855,0.489680436,-0.013222506,-0.879430174,3395711.104,4304149.957,7227.18043
7.8,0.481051353,0.489504717,-0.021919896,-0.859981682,3459149.005,4240718.846,7272.339541
7.81,0.485447685,0.489243347,-0.030351979,-0.826377206,3518049.188,4181826.957,7349.961919
7.82,0.489353519,0.488899673,-0.038380218,-0.779225237,3571430.879,4128455.275,7458.941557
7.83,0.492707257,0.48847839,-0.045873449,-0.719390925,3618408.679,4081489.452,7597.670495
7.84,0.495456008,0.487985455,-0.052710286,-0.647963849,3658207.408,4041704.934,7764.086538
7.85,0.497556423,0.487427981,-0.058781181,-0.566221266,3690173.868,4009755.165,7955.726364
7.86,0.498975378,0.486814109,-0.063990115,-0.475590158,3713785.759,3986162.645,8169.778322
7.87,0.499690494,0.486152864,-0.068255908,-0.377610971,3728658.104,3971312.459,8403.130299
7.88,0.499690494,0.485454007,-0.071513198,-0.273905118,3734547.632,3965447.877,8652.409781
7.89,0.498975378,0.484727866,-0.073713106,-0.166147329,3731355.497,3968667.599,8914.015382
7.9,0.497556423,0.483985177,-0.07482366,-0.056042907,3719128.606,3980924.418,9184.141306
7.91,0.495456008,0.483236908,-0.074830002,0.054690923,3698059.615,4002025.206,9458.798209
7.92,0.492707257,0.482494089,-0.073734428,0.164341077,3668485.503,4031632.339,9733.835385
7.93,0.489353519,0.481767643,-0.071556267,0.271213901,3630884.395,4069266.891,10004.96995
7.94,0.485447685,0.481068214,-0.068331606,0.373651524,3585870.207,4114314.009,10267.82855
7.95,0.481051353,0.480406006,-0.064112834,0.470050764,3534184.638,4166030.963,10518.006
7.96,0.476233855,0.479790618,-0.058967983,0.558885491,3476686.077,4223558.288,10751.14346
7.97,0.471071166,0.479230896,-0.052979826,0.638732525,3414335.19,4285934.263,10963.02579
7.98,0.465644705,0.478734792,-0.046244701,0.708300335,3348177.165,4352112.726,11149.69507
7.99,0.46004005,0.47830923,-0.038871048,0.766458967,3279320.968,4420983.896,11307.57387
8,0.45434559,0.477960002,-0.030977647,0.812269075,3208916.236,4491397.522,11433.58975
8.01,0.448708074,0.477691668,-0.022691581,0.845007601,3138128.781,4562187.432,11525.29072
8.02,0.443272457,0.477507401,-0.014163546,0.860674748,3068879.7,4631425.831,11572.72494
8.03,0.43812178,0.477408707,-0.005576301,0.856855021,3003042.427,4697245.726,11569.8502
8.04,0.433332855,0.477395272,0.002889079,0.836299631,2941523.072,4758743.641,11523.00451
8.05,0.428975114,0.477465094,0.011075798,0.801114799,2885132.969,4815107.19,11437.3063
8.06,0.42510962,0.477614698,0.018846152,0.753013946,2834591.284,4865619.688,11317.1875
8.07,0.421788215,0.477839315,0.02607903,0.693603904,2790493.735,4909684.982,11167.00792
8.08,0.419052856,0.478133045,0.032668883,0.624391177,2753326.464,4946819.06,10991.01412
8.09,0.416935109,0.478489005,0.038525324,0.546903773,2723448.979,4976662.263,10793.56898
8.1,0.41545584,0.478899486,0.043573048,0.462630774,2701111.723,4998965.83,10578.95866
8.11,0.414625078,0.479356101,0.047751778,0.373089758,2686446.142,5013598.256,10351.50334
8.12,0.414442074,0.479849933,0.051016212,0.279759488,2679481.578,5020531.432,10115.36221
8.13,0.414895523,0.480371687,0.053335894,0.184130672,2680138.172,5019845.152,9874.621865
8.14,0.415963972,0.480911839,0.054695045,0.087648027,2688241.09,5011715.093,9633.142355
8.15,0.417616381,0.481460775,0.055092318,-0.008246087,2703514.482,4996417.008,9394.647478
8.16,0.419812838,0.482008941,0.054540535,-0.102161064,2725593.211,4974316.553,9162.609078
8.17,0.422505406,0.48254698,0.05306634,-0.192723113,2754018.231,4945872.638,8940.332868
8.18,0.425639088,0.483065867,0.050709797,-0.278622337,2788247.585,4911627.482,8730.862378
8.19,0.429152892,0.483557043,0.047523867,-0.358590352,2827654.81,4872207.37,8537.046793
8.2,0.432980979,0.48401254,0.043573741,-0.431449928,2871541.506,4828310.765,8361.448108
8.21,0.43705386,0.484425098,0.038935977,-0.496105956,2919140.434,4780704.696,8206.384175
8.22,0.44129964,0.484788274,0.033697416,-0.55159746,2969631.306,4730209.374,8073.834125
8.23,0.445645271,0.485096539,0.027953843,-0.597097381,3022149.161,4677689.541,7965.461806
8.24,0.4500178,0.485345357,0.021808404,-0.631961342,3075803.498,4624035.546,7882.526825
8.25,0.45434559,0.485531253,0.015369778,-0.655727645,3129690.883,4570150.63,7825.902789
8.26,0.45855949,0.485651856,0.008750162,-0.668154635,3182915.866,4516930.082,7796.007437
8.27,0.462593944,0.485705924,0.002063114,-0.669212206,3234605.394,4465246.82,7792.831252
8.28,0.466388005,0.485693346,-0.004578665,-0.659101556,3283928.941,4415931.237,7815.897331
8.29,0.469886258,0.485615122,-0.011065533,-0.638233559,3330111.858,4369757.92,7864.308979
8.3,0.473039624,0.485473324,-0.017293014,-0.607229999,3372452.199,4327428.721,7936.74087
8.31,0.475806036,0.485271035,-0.023163739,-0.56689004,3410330.728,4289562.856,8031.503969
8.32,0.478150982,0.485012263,-0.028589156,-0.518177459,3443222.883,4256684.807,8146.560294
8.33,0.480047906,0.484701855,-0.033490979,-0.462180853,3470704.341,4229218.873,8279.596163
8.34,0.481478466,0.48434538,-0.037802335,-0.400094092,3492457.752,4207482.287,8428.048761
8.35,0.482432631,0.483949018,-0.041468625,-0.333176876,3508273.876,4191684.205,8589.177764
8.36,0.482908654,0.483519428,-0.044448076,-0.262734819,3518053.575,4181923.562,8760.094235
8.37,0.482912879,0.483063622,-0.046712034,-0.190084865,3521805.114,4178191.909,8937.825154
8.38,0.48245943,0.482588833,-0.048244985,-0.116538443,3519642.163,4180375.256,9119.341129
8.39,0.48156976,0.482102384,-0.049044363,-0.04337309,3511777.889,4188260.137,9301.614371
8.4,0.48027209,0.481611561,-0.049120142,0.028180882,3498519.569,4201538.85,9481.646985
8.41,0.478600736,0.481123491,-0.048494246,0.096963485,3480259.869,4219818.337,9656.52638
8.42,0.476595356,0.480645024,-0.047199793,0.161895871,3457468.476,4242628.427,9823.457377
8.43,0.474300109,0.480182628,-0.045280186,0.221999545,3430680.875,4269433.211,9979.818063
8.44,0.471762763,0.479742293,-0.042788064,0.276405353,3400487.436,4299641.854,10123.19606
8.45,0.46903376,0.479329438,-0.039784131,0.324369213,3367520.239,4332621.905,10251.4433
8.46,0.466165253,0.478948845,-0.036335868,0.365278697,3332440.412,4367711.871,10362.71168
8.47,0.463210145,0.478604592,-0.032516167,0.398664352,3295924.003,4404235.474,10455.50015
8.48,0.46022113,0.478300009,-0.028401882,0.42420229,3258648.824,4441514.704,10528.68089
8.49,0.457249764,0.478037644,-0.024072349,0.441719572,3221280.773,4478883.622,10581.52976
8.5,0.45434559,0.477819248,-0.019607892,0.451191236,3184461.701,4515700.387,10613.73396
8.51,0.451555304,0.477645771,-0.015088352,0.45273879,3148797.621,4551359.137,10625.39892
8.52,0.448922014,0.477517374,-0.010591667,0.446621182,3114848.954,4585299.648,10617.03266
8.53,0.446484569,0.477433455,-0.00619254,0.433226815,3083121.71,4617016.226,10589.52765
8.54,0.444276987,0.477392687,-0.001961212,0.413059465,3054060.891,4646064.198,10544.12367
8.55,0.442327996,0.477393069,0.002037625,0.386725591,3028045.085,4672065.391,10482.36965
8.56,0.440660667,0.477431985,0.00574577,0.354917283,3005383.143,4694711.35,10406.07219
8.57,0.43929218,0.477506274,0.009112296,0.318397285,2986311.967,4713765.614,10317.24657
8.58,0.438233689,0.477612305,0.012094164,0.277981257,2970996.056,4729064.083,10218.0604
8.59,0.437490318,0.477746057,0.01465668,0.234522628,2959527.914,4740514.668,10110.78328
8.6,0.437061256,0.477903208,0.016773787,0.188895815,2951929.83,4748095.431,9997.733731
8.61,0.436939972,0.478079216,0.018428208,0.14198213,2948156.294,4751852.233,9881.234149
8.62,0.437114526,0.478269413,0.019611433,0.094654613,2948097.48,4751895.176,9763.565642
8.63,0.437567975,0.478469088,0.020323581,0.047765268,2951583.234,4748394.681,9646.931139
8.64,0.438278866,0.478673571,0.020573114,0.002131418,2958387.963,4741576.536,9533.419178
8.65,0.439221798,0.478878319,0.020376439,-0.041475922,2968235.99,4731716.597,9424.975059
8.66,0.440368047,0.479078989,0.019757379,-0.082344403,2980807.724,4719134.564,9323.372635
8.67,0.44168624,0.479271509,0.018746535,-0.119830862,2995746.295,4704187.405,9230.192373
8.68,0.443143052,0.479452146,0.017380542,-0.153372192,3012664.893,4687261.964,9146.800084
8.69,0.44470394,0.479617556,0.01570122,-0.182494183,3031154.498,4668767.288,9074.331344
8.7,0.44633386,0.479764837,0.013754647,-0.206820028,3050792.117,4649126.337,9013.677165
8.71,0.447997993,0.479891563,0.011590153,-0.226076324,3071149.201,4628767.629,8965.47543
8.72,0.449662428,0.479995811,0.00925926,-0.240097934,3091800.248,4608116.583,8930.104547
8.73,0.451294828,0.480076181,0.006814593,-0.248829831,3112331.253,4587587.125,8907.683257
8.74,0.45286503,0.480131799,0.004308776,-0.252327181,3132347.936,4567573.415,8898.073523
8.75,0.45434559,0.48016231,0.001793345,-0.250752188,3151483.423,4548442.209,8900.889706
8.76,0.45571226,0.480167865,-0.000682293,-0.244368965,3169405.299,4530525.775,8915.51116
8.77,0.456944386,0.480149094,-0.003071844,-0.233535408,3185821.741,4514115.79,8941.10063
8.78,0.458025216,0.480107069,-0.005333011,-0.218693377,3200486.698,4499458.135,8976.625681
8.79,0.458942125,0.480043262,-0.007428278,-0.200356533,3213203.883,4486748.929,9020.884865
8.8,0.459686742,0.479959492,-0.009325555,-0.179097127,3223829.606,4476131.676,9072.535968
8.81,0.460254988,0.47985787,-0.0109987,-0.155531343,3232274.303,4467695.755,9130.127576
8.82,0.460647017,0.479740736,-0.012427873,-0.130304357,3238502.835,4461476.109,9192.13153
8.83,0.460867073,0.479610597,-0.013599759,-0.104074866,3242533.49,4457454.258,9256.977212
8.84,0.460923256,0.47947006,-0.014507618,-0.077500071,3244435.831,4455560.443,9323.085502
8.85,0.460827215,0.479321765,-0.015151204,-0.051220884,3244327.369,4455676.969,9388.903153
8.86,0.46059376,0.479168326,-0.015536529,-0.02584819,3242369.244,4457642.512,9452.935669
8.87,0.460240427,0.479012266,-0.0156755,-0.00194994,3238760.976,4461257.394,9513.779229
8.88,0.459786978,0.478855961,-0.01558543,0.019960267,3233734.454,4466289.576,9570.149963
8.89,0.459254866,0.478701592,-0.015288447,0.039433325,3227547.305,4472481.313,9620.910927
8.9,0.458666673,0.478551096,-0.014810803,0.056092948,3220475.818,4479556.218,9665.095276
8.91,0.458045527,0.478406132,-0.014182117,0.069642415,3212807.586,4487226.639,9701.925884
8.92,0.457414523,0.478268049,-0.013434554,0.079869303,3204834.054,4495201.1,9730.830165
8.93,0.456796145,0.478137867,-0.012601964,0.086648466,3196843.138,4503191.692,9751.450384
8.94,0.456211715,0.478016263,-0.011719009,0.089942952,3189112.092,4510921.2,9763.648551
8.95,0.455680878,0.477903567,-0.010820283,0.089803161,3181900.769,4518129.847,9767.506377
8.96,0.45522112,0.477799769,-0.009939453,0.086364042,3175445.424,4524581.482,9763.319804
8.97,0.454847357,0.47770453,-0.009108437,0.079840685,3169953.17,4530069.125,9751.588805
8.98,0.454571572,0.477617205,-0.00835663,0.070522206,3165597.2,4534419.74,9733.002372
8.99,0.454402534,0.477536871,-0.007710205,0.05876429,3162512.838,4537498.181,9708.419582
9,0.45434559,0.477462363,-0.007191488,0.044980381,3160794.496,4539210.224,9678.846914
9.01,0.45434559,0.477392313,-0.006818434,0.029631855,3160493.57,4539504.674,9645.412805
9.02,0.45434559,0.477325288,-0.006586548,0.016746332,3160848.09,4539150.438,9617.618481
9.03,0.45434559,0.47726007,-0.006457213,0.009121297,3161048.659,4538950.947,9602.085358
9.04,0.45434559,0.477195841,-0.006388483,0.004625065,3161153.021,4538846.426,9593.855057
9.05,0.45434559,0.477132121,-0.006355592,0.001953279,3161205.243,4538794.809,9589.891281
9.06,0.45434559,0.477068623,-0.00634393,0.000379158,3161222.257,4538777.544,9588.502455
9.07,0.45434559,0.477005179,-0.006344863,-0.0005656,3161222.319,4538777.865,9588.597474
9.08,0.45434559,0.476941688,-0.006353298,-0.00112148,3161208.7,4538791.251,9589.616608
9.09,0.45434559,0.476878091,-0.006366223,-0.001463448,3161190.159,4538810.052,9591.151828
9.1,0.45434559,0.47681435,-0.006381864,-0.001664656,3161165.663,4538834.36,9593.033121
9.11,0.45434559,0.476750445,-0.006399167,-0.001795954,3161140.243,4538859.963,9595.095078
9.12,0.45434559,0.476686362,-0.006417516,-0.001873884,3161111.742,4538888.322,9597.299583
9.13,0.45434559,0.476622092,-0.006436542,-0.001931402,3161083.548,4538916.646,9599.569586
9.14,0.45434559,0.476557629,-0.006456033,-0.001966743,3161053.423,4538946.669,9601.909613
9.15,0.45434559,0.476492969,-0.006475858,-0.001998314,3161023.897,4538976.286,9604.276556
9.16,0.45434559,0.47642811,-0.006495946,-0.002019169,3160992.962,4539007.15,9606.686976
9.17,0.45434559,0.476363049,-0.006516249,-0.002041523,3160962.616,4539037.557,9609.112205
9.18,0.45434559,0.476297784,-0.006536745,-0.002057635,3160931.144,4539068.984,9611.570611
9.19,0.45434559,0.476232313,-0.006557416,-0.002076628,3160900.162,4539100.003,9614.040735
9.2,0.45434559,0.476166635,-0.006578256,-0.002091329,3160868.237,4539131.902,9616.539555
9.21,0.45434559,0.476100747,-0.006599257,-0.002109005,3160836.692,4539163.469,9619.04994
9.22,0.45434559,0.476034649,-0.006620419,-0.002123394,3160804.335,4539195.814,9621.586686
9.23,0.45434559,0.475968338,-0.006641739,-0.002140459,3160772.256,4539227.902,9624.135688
9.24,0.45434559,0.475901813,-0.006663215,-0.002154855,3160739.47,4539260.687,9626.70955
9.25,0.45434559,0.475835073,-0.006684847,-0.002171543,3160706.874,4539293.284,9629.29649
9.26,0.45434559,0.475768116,-0.006706635,-0.002186,3160673.654,4539326.509,9631.907145
9.27,0.45434559,0.47570094,-0.006728577,-0.002202376,3160640.553,4539359.605,9634.531605
9.28,0.45434559,0.475633543,-0.006750673,-0.002216858,3160606.898,4539393.271,9637.178804
9.29,0.45434559,0.475565925,-0.006772922,-0.002232927,3160573.302,4539426.857,9639.840376
9.3,0.45434559,0.475498084,-0.006795323,-0.002247371,3160539.21,4539460.964,9642.523806
9.31,0.45434559,0.475430018,-0.006817876,-0.002263116,3160505.13,4539495.031,9645.22201
9.32,0.45434559,0.475361726,-0.006840578,-0.002277455,3160470.603,4539529.575,9647.94125
9.33,0.45434559,0.475293206,-0.00686343,-0.00229285,3160436.049,4539564.114,9650.675511
9.34,0.45434559,0.475224457,-0.006886429,-0.00230702,3160401.091,4539599.091,9653.43002
9.35,0.45434559,0.475155477,-0.006909575,-0.002322036,3160366.075,4539634.091,9656.199661
9.36,0.45434559,0.475086264,-0.006932865,-0.002335979,3160330.691,4539669.494,9658.988786
9.37,0.45434559,0.475016819,-0.006956298,-0.002350589,3160295.225,4539704.944,9661.793031
9.38,0.45434559,0.474947138,-0.006979872,-0.002364251,3160259.423,4539740.765,9664.616012
9.39,0.45434559,0.47487722,-0.007003585,-0.002378431,3160223.52,4539776.653,9667.453996
9.4,0.45434559,0.474807065,-0.007027436,-0.002391765,3160187.308,4539812.883,9670.309979
9.41,0.45434559,0.474736671,-0.007051423,-0.00240549,3160150.983,4539849.194,9673.180756
9.42,0.45434559,0.474666036,-0.007075542,-0.002418457,3160114.371,4539885.822,9676.068802
9.43,0.45434559,0.474595159,-0.007099793,-0.002431708,3160077.637,4539922.543,9678.971358
9.44,0.45434559,0.47452404,-0.007124173,-0.002444274,3160040.638,4539959.558,9681.890457
9.45,0.45434559,0.474452675,-0.00714868,-0.002457035,3160003.509,4539996.674,9684.823717
9.46,0.45434559,0.474381065,-0.007173311,-0.002469173,3159966.135,4540034.063,9687.772802
9.47,0.45434559,0.474309209,-0.007198064,-0.002481431,3159928.627,4540071.559,9690.735645
9.48,0.45434559,0.474237104,-0.007222937,-0.002493121,3159890.891,4540109.309,9693.713601
9.49,0.45434559,0.474164749,-0.007247927,-0.002504869,3159853.02,4540147.17,9696.704872
9.5,0.45434559,0.474092144,-0.007273032,-0.002516095,3159814.936,4540185.267,9699.710551
9.51,0.45434559,0.474019288,-0.007298249,-0.002527329,3159776.717,4540223.477,9702.729072
9.52,0.45434559,0.473946179,-0.007323576,-0.002538083,3159738.299,4540261.906,9705.761309
9.53,0.45434559,0.473872816,-0.007349011,-0.002548804,3159699.747,4540300.45,9708.80589
9.54,0.45434559,0.473799198,-0.00737455,-0.002559082,3159661.01,4540339.198,9711.86351
9.55,0.45434559,0.473725324,-0.007400192,-0.002569297,3159622.141,4540378.059,9714.932964
9.56,0.45434559,0.473651194,-0.007425934,-0.002579101,3159583.099,4540417.111,9718.014797
9.57,0.45434559,0.473576805,-0.007451774,-0.002588819,3159543.928,4540456.275,9721.10795
9.58,0.45434559,0.473502158,-0.007477709,-0.002598157,3159504.595,4540495.617,9724.212844
9.59,0.45434559,0.47342725,-0.007503736,-0.002607392,3159465.138,4540535.068,9727.328546
9.6,0.45434559,0.473352082,-0.007529855,-0.002616277,3159425.528,4540574.686,9730.455377
9.61,0.45434559,0.473276653,-0.007556062,-0.002625047,3159385.798,4540614.411,9733.592513
9.62,0.45434559,0.473200961,-0.007582354,-0.002633496,3159345.925,4540654.292,9736.740195
9.63,0.45434559,0.473125005,-0.007608731,-0.002641824,3159305.936,4540694.276,9739.897695
9.64,0.45434559,0.473048786,-0.007635189,-0.002649857,3159265.813,4540734.406,9743.065192
9.65,0.45434559,0.472972301,-0.007661728,-0.002657768,3159225.578,4540774.636,9746.242041
9.66,0.45434559,0.472895551,-0.007688344,-0.002665412,3159185.217,4540815.004,9749.428373
9.67,0.45434559,0.472818534,-0.007715035,-0.002672935,3159144.749,4540855.469,9752.623622
9.68,0.45434559,0.47274125,-0.007741801,-0.002680217,3159104.162,4540896.062,9755.827877
9.69,0.45434559,0.472663697,-0.007768639,-0.002687385,3159063.471,4540936.749,9759.040644
9.7,0.45434559,0.472585876,-0.007795548,-0.002694338,3159022.667,4540977.558,9762.261987
9.71,0.45434559,0.472507786,-0.007822525,-0.002701186,3158981.765,4541018.458,9765.491472
9.72,0.45434559,0.472429426,-0.00784957,-0.002707845,3158940.755,4541059.473,9768.729146
9.73,0.45434559,0.472350794,-0.007876682,-0.002714409,3158899.649,4541100.576,9771.974635
9.74,0.45434559,0.472271892,-0.007903858,-0.002720812,3158858.441,4541141.788,9775.227973
9.75,0.45434559,0.472192717,-0.007931098,-0.002727133,3158817.14,4541183.088,9778.488842
9.76,0.45434559,0.472113269,-0.0079584,-0.002733319,3158775.742,4541224.49,9781.757271
9.77,0.45434559,0.472033548,-0.007985764,-0.002739439,3158734.253,4541265.978,9785.032993
9.78,0.45434559,0.471953554,-0.008013188,-0.002745449,3158692.669,4541307.565,9788.316039
9.79,0.45434559,0.471873284,-0.008040672,-0.002751412,3158650.997,4541349.236,9791.606189
9.8,0.45434559,0.47179274,-0.008068216,-0.00275729,3158609.233,4541391.003,9794.903481
9.81,0.45434559,0.47171192,-0.008095818,-0.00276314,3158567.383,4541432.853,9798.207739
9.82,0.45434559,0.471630823,-0.008123478,-0.002768932,3158525.442,4541474.796,9801.51901
9.83,0.45434559,0.47154945,-0.008151196,-0.002774715,3158483.415,4541516.822,9804.837164
9.84,0.45434559,0.471467799,-0.008178972,-0.002780466,3158441.3,4541558.94,9808.162261
9.85,0.45434559,0.47138587,-0.008206806,-0.00278623,3158399.099,4541601.141,9811.494211
9.86,0.45434559,0.471303662,-0.008234697,-0.002791988,3158356.809,4541643.434,9814.83309
9.87,0.45434559,0.471221176,-0.008262645,-0.002797779,3158314.433,4541685.81,9818.17885
9.88,0.45434559,0.471138409,-0.008290652,-0.002803592,3158271.968,4541728.277,9821.531582
9.89,0.45434559,0.471055362,-0.008318718,-0.00280946,3158229.415,4541770.83,9824.891279
9.9,0.45434559,0.470972035,-0.008346842,-0.002815376,3158186.773,4541813.475,9828.258052
9.91,0.45434559,0.470888425,-0.008375025,-0.00282137,3158144.041,4541856.207,9831.63193
9.92,0.45434559,0.470804534,-0.008403269,-0.002827437,3158101.217,4541899.033,9835.013047
9.93,0.45434559,0.470720359,-0.008431575,-0.002833606,3158058.3,4541941.95,9838.401468
9.94,0.45434559,0.470635902,-0.008459942,-0.002839873,3158015.29,4541984.962,9841.79735
9.95,0.45434559,0.47055116,-0.008488373,-0.002846266,3157972.184,4542028.069,9845.200792
9.96,0.45434559,0.470466134,-0.008516868,-0.002852782,3157928.979,4542071.275,9848.611976
9.97,0.45434559,0.470380823,-0.008545429,-0.002859448,3157885.676,4542114.58,9852.031036
9.98,0.45434559,0.470295225,-0.008574057,-0.002866262,3157842.269,4542157.988,9855.458176
9.99,0.45434559,0.470209341,-0.008602755,-0.002873248,3157798.759,4542201.499,9858.893565
10,0.45434559,0.47012317,-0.008631523,-0.002880408,3157755.141,4542245.119,9862.337431
